clonesize,honeybee,AverageOfUpperTRange,AverageOfLowerTRange,RainingDays,AverageRainingDays,fruitset,fruitmass,seeds,yield,CEII
37.5,0.75,71.9,50.8,16.0,0.26,0.410652063,0.408159008,31.67889844,3813.165795,0.8885266990846461
37.5,0.75,71.9,50.8,1.0,0.1,0.444254359,0.425457642,33.44938499,4947.605663,0.579228600412043
37.5,0.75,79.0,55.9,16.0,0.26,0.383786508,0.399172403,30.54630597,3866.798965,1.3559115538886815
37.5,0.75,79.0,55.9,1.0,0.1,0.407564155,0.40878935,31.56258602,4303.94303,1.0466134552160784
37.5,0.75,71.9,50.8,24.0,0.39,0.354413049,0.382702852,28.87371362,3436.493543,1.0534856850433676
37.5,0.75,71.9,50.8,34.0,0.56,0.309669459,0.366283529,27.3454535,2825.003738,1.2596844174917696
37.5,0.75,79.0,55.9,24.0,0.39,0.284442614,0.352186419,26.10117938,2625.269164,1.5208705398474032
37.5,0.75,79.0,55.9,34.0,0.56,0.246568004,0.342825548,25.0423614,2379.905214,1.7270692722958052
37.5,0.75,64.7,45.8,16.0,0.26,0.427977027,0.414710939,32.33415267,4234.868585,0.4225162247764613
37.5,0.75,64.7,45.8,1.0,0.1,0.464365879,0.436345708,34.8499528,5356.871861,0.11321812610385829
37.5,0.75,58.2,41.2,16.0,0.26,0.379906235,0.375616334,29.07835591,4057.555205,-0.002175367346089696
37.5,0.25,71.9,50.8,16.0,0.26,0.398976956,0.409269062,31.59741611,3941.255122,-0.034452101846532024
37.5,0.25,71.9,50.8,1.0,0.1,0.437374738,0.426773305,33.53267475,4768.594369,-0.343750200519135
37.5,0.25,79.0,55.9,16.0,0.26,0.364880783,0.395636151,30.12462708,3720.711588,0.4329327529575032
37.5,0.25,79.0,55.9,1.0,0.1,0.381314223,0.40248084,30.79374092,3900.344042,0.12363465428490031
37.5,0.25,71.9,50.8,24.0,0.39,0.350136522,0.389381151,29.55021089,3387.785165,0.1305068841121896
37.5,0.25,71.9,50.8,34.0,0.56,0.288159094,0.359458632,26.48732245,2688.028831,0.3367056165605916
37.5,0.25,79.0,55.9,24.0,0.39,0.279535801,0.35441498,26.28235597,2508.375673,0.5978917389162249
37.5,0.25,79.0,55.9,34.0,0.56,0.233554492,0.335338738,24.32062733,1945.530615,0.804090471364627
37.5,0.25,64.7,45.8,16.0,0.26,0.426228043,0.423988312,33.29902167,4310.625398,-0.5004625761547168
37.5,0.25,64.7,45.8,1.0,0.1,0.454737417,0.435620773,34.70788043,4830.959809,-0.8097606748273198
37.5,0.25,58.2,41.2,16.0,0.26,0.392540298,0.391582692,30.88504716,3911.422247,-0.9251541682772678
37.5,0.25,58.2,41.2,1.0,0.1,0.389452628,0.383377956,29.84228529,4051.551293,-1.2344522669498708
37.5,0.25,64.7,45.8,24.0,0.39,0.384633032,0.40383899,31.10924166,3837.512961,-0.3355035901959952
37.5,0.25,64.7,45.8,34.0,0.56,0.346410766,0.387580455,29.2486781,3269.271761,-0.12930485774759318
25.0,0.25,71.9,50.8,16.0,0.26,0.433014308,0.4228466,33.11609108,4503.161856,-0.034452101846532024
25.0,0.25,71.9,50.8,1.0,0.1,0.462013355,0.435203234,34.46756739,5126.993178,-0.343750200519135
25.0,0.25,79.0,55.9,16.0,0.26,0.403310637,0.41009134,31.66559817,4248.355054,0.4329327529575032
25.0,0.25,79.0,55.9,1.0,0.1,0.425010896,0.417545412,32.46088718,4476.811464,0.12363465428490031
25.0,0.25,71.9,50.8,24.0,0.39,0.376670148,0.396533319,30.21832512,3662.183125,0.1305068841121896
25.0,0.25,71.9,50.8,34.0,0.56,0.320417393,0.372179064,27.8743632,2988.05944,0.3367056165605916
25.0,0.25,79.0,55.9,24.0,0.39,0.315500071,0.367762987,27.40175511,3049.260316,0.5978917389162249
25.0,0.25,79.0,55.9,34.0,0.56,0.262139643,0.349353787,25.43353016,2384.728916,0.804090471364627
25.0,0.25,64.7,45.8,16.0,0.26,0.447780771,0.42726083,33.58954163,4898.835857,-0.5004625761547168
25.0,0.25,64.7,45.8,1.0,0.1,0.502621602,0.454522205,36.61704886,5831.7066,-0.8097606748273198
25.0,0.25,58.2,41.2,16.0,0.26,0.407373541,0.386415506,30.54294428,4334.841218,-0.9251541682772678
25.0,0.25,58.2,41.2,1.0,0.1,0.451910565,0.415971082,33.30696962,5246.521458,-1.2344522669498708
25.0,0.25,64.7,45.8,24.0,0.39,0.426064568,0.42018755,32.84923819,4356.945873,-0.3355035901959952
25.0,0.25,64.7,45.8,34.0,0.56,0.393394771,0.404796043,31.1279858,3822.981667,-0.12930485774759318
25.0,0.25,58.2,41.2,34.0,0.56,0.337022711,0.358821427,27.62154773,3182.698648,-0.5539964498701442
25.0,0.25,71.9,50.8,16.0,0.26,0.443419908,0.426240102,33.4416065,4870.625368,-0.034452101846532024
25.0,0.25,71.9,50.8,1.0,0.1,0.487214901,0.446518367,35.71826335,5739.924933,-0.343750200519135
25.0,0.25,79.0,55.9,16.0,0.26,0.419015102,0.41553133,32.28899894,4546.786741,0.4329327529575032
25.0,0.25,79.0,55.9,1.0,0.1,0.466279462,0.439565369,35.05053194,5360.873908,0.12363465428490031
25.0,0.25,71.9,50.8,24.0,0.39,0.391964935,0.401397435,30.68639758,4045.479657,0.1305068841121896
25.0,0.25,71.9,50.8,34.0,0.56,0.350992769,0.388632634,29.63179631,3385.364224,0.3367056165605916
25.0,0.25,79.0,55.9,24.0,0.39,0.335529768,0.378528127,28.45383631,3385.148001,0.5978917389162249
25.0,0.25,79.0,55.9,34.0,0.56,0.283055065,0.355875536,26.05469186,2452.680747,0.804090471364627
25.0,0.25,64.7,45.8,16.0,0.26,0.462101998,0.436258462,34.64257354,5221.357411,-0.5004625761547168
25.0,0.25,64.7,45.8,1.0,0.1,0.515771805,0.45981941,37.3001964,6318.708722,-0.8097606748273198
25.0,0.25,58.2,41.2,16.0,0.26,0.429092481,0.394971427,31.43977899,4705.626533,-0.9251541682772678
12.5,0.25,71.9,50.8,16.0,0.26,0.521950271,0.456936833,36.85236256,5996.078548,-0.034452101846532024
12.5,0.25,71.9,50.8,1.0,0.1,0.561962455,0.476308423,39.09688443,6691.043218,-0.343750200519135
12.5,0.25,79.0,55.9,16.0,0.26,0.490965919,0.442193092,35.13495468,5501.878077,0.4329327529575032
12.5,0.25,79.0,55.9,1.0,0.1,0.518776342,0.456450549,36.84586824,6010.760082,0.12363465428490031
12.5,0.25,71.9,50.8,24.0,0.39,0.466974086,0.429452031,33.66987505,4999.156215,0.1305068841121896
12.5,0.25,71.9,50.8,34.0,0.56,0.391598449,0.400083453,30.66218699,3968.330182,0.3367056165605916
12.5,0.25,79.0,55.9,24.0,0.39,0.376009787,0.390310494,29.64786104,3784.119353,0.5978917389162249
12.5,0.25,79.0,55.9,34.0,0.56,0.323727288,0.370487534,27.44242745,3139.432546,0.804090471364627
12.5,0.25,64.7,45.8,16.0,0.26,0.538125922,0.465041445,37.81761708,6125.695384,-0.5004625761547168
12.5,0.25,64.7,45.8,1.0,0.1,0.57967664,0.486201582,40.26540842,7041.380179,-0.8097606748273198
12.5,0.25,58.2,41.2,16.0,0.26,0.498793068,0.42403139,34.78799327,5876.960007,-0.9251541682772678
12.5,0.25,58.2,41.2,1.0,0.1,0.511480554,0.43226586,35.57209886,6244.195761,-1.2344522669498708
12.5,0.25,64.7,45.8,24.0,0.39,0.496176505,0.445238125,35.46687387,5556.372277,-0.3355035901959952
12.5,0.25,64.7,45.8,34.0,0.56,0.481204499,0.436777234,34.52656124,5086.609905,-0.12930485774759318
12.5,0.25,58.2,41.2,24.0,0.39,0.482908968,0.418055839,33.84753901,5482.081299,-0.7601951823185463
12.5,0.25,58.2,41.2,34.0,0.56,0.406644523,0.38126925,30.057704,4247.508926,-0.5539964498701442
12.5,0.25,71.9,50.8,16.0,0.26,0.552129108,0.471650366,38.57716666,6578.235221,-0.034452101846532024
12.5,0.25,71.9,50.8,1.0,0.1,0.58704878,0.492820232,41.13589278,7267.28344,-0.343750200519135
12.5,0.25,79.0,55.9,16.0,0.26,0.512802719,0.452143551,36.31159312,5746.777027,0.4329327529575032
12.5,0.25,79.0,55.9,1.0,0.1,0.547743879,0.471665153,38.70734774,6564.958302,0.12363465428490031
12.5,0.25,71.9,50.8,24.0,0.39,0.489823352,0.438875462,34.7014352,5347.718939,0.1305068841121896
12.5,0.25,71.9,50.8,34.0,0.56,0.416271363,0.409438226,31.57755786,4350.42467,0.3367056165605916
12.5,0.25,79.0,55.9,24.0,0.39,0.399362246,0.400247657,30.7671091,4177.015203,0.5978917389162249
12.5,0.25,79.0,55.9,34.0,0.56,0.349908358,0.380185034,28.41793063,3496.352359,0.804090471364627
12.5,0.25,64.7,45.8,16.0,0.26,0.567975637,0.480580564,39.64161958,7016.89385,-0.5004625761547168
12.5,0.25,64.7,45.8,1.0,0.1,0.599556267,0.495185183,41.25028935,7570.48492,-0.8097606748273198
12.5,0.25,58.2,41.2,16.0,0.26,0.517721232,0.432440021,35.50033008,6198.064956,-0.9251541682772678
12.5,0.25,58.2,41.2,1.0,0.1,0.54054056,0.449077282,37.49472557,6801.323934,-1.2344522669498708
12.5,0.25,64.7,45.8,24.0,0.39,0.52391434,0.460369104,37.33160636,6030.980735,-0.3355035901959952
12.5,0.25,64.7,45.8,34.0,0.56,0.508341786,0.450021969,35.97225667,5728.748277,-0.12930485774759318
12.5,0.25,58.2,41.2,24.0,0.39,0.492076861,0.422051395,34.43568098,5647.712261,-0.7601951823185463
12.5,0.25,58.2,41.2,34.0,0.56,0.428321547,0.389593412,30.8920749,4667.724945,-0.5539964498701442
12.5,0.25,71.9,50.8,16.0,0.26,0.575589557,0.482874674,39.83192591,6986.809961,-0.034452101846532024
12.5,0.25,71.9,50.8,1.0,0.1,0.599956822,0.497916665,41.71941614,7660.886044,-0.343750200519135
12.5,0.25,79.0,55.9,16.0,0.26,0.551499227,0.470881708,38.48388312,6626.506846,0.4329327529575032
12.5,0.25,79.0,55.9,1.0,0.1,0.573428227,0.483047479,39.92972033,7122.490558,0.12363465428490031
12.5,0.25,71.9,50.8,24.0,0.39,0.507748656,0.450537939,36.16604354,5852.874202,0.1305068841121896
12.5,0.25,71.9,50.8,34.0,0.56,0.435969213,0.419720202,32.81579359,4684.893205,0.3367056165605916
12.5,0.25,79.0,55.9,24.0,0.39,0.427005551,0.411590845,31.87518207,4590.823341,0.5978917389162249
12.5,0.25,79.0,55.9,34.0,0.56,0.369603345,0.388525442,29.31600198,3708.205024,0.804090471364627
12.5,0.25,64.7,45.8,16.0,0.26,0.572611128,0.484771683,40.18721608,7022.189731,-0.5004625761547168
12.5,0.25,64.7,45.8,1.0,0.1,0.613333283,0.504056677,42.40766225,7825.874922,-0.8097606748273198
12.5,0.25,58.2,41.2,16.0,0.26,0.52950023,0.442248924,36.80503364,6394.077909,-0.9251541682772678
12.5,0.25,58.2,41.2,1.0,0.1,0.54259037,0.445382693,37.23938598,7152.132587,-1.2344522669498708
12.5,0.25,64.7,45.8,24.0,0.39,0.545094508,0.468493268,38.143078,6475.894556,-0.3355035901959952
12.5,0.25,64.7,45.8,34.0,0.56,0.530709113,0.460796109,37.25124178,6093.315271,-0.12930485774759318
12.5,0.25,58.2,41.2,24.0,0.39,0.509560238,0.429376052,35.37945168,6254.829217,-0.7601951823185463
12.5,0.25,58.2,41.2,34.0,0.56,0.443297352,0.399723843,31.90931611,4868.211449,-0.5539964498701442
12.5,0.25,71.9,50.8,16.0,0.26,0.595273348,0.494398082,41.2557857,7451.725625,-0.034452101846532024
12.5,0.25,71.9,50.8,1.0,0.1,0.626280739,0.516666897,43.97488159,8263.289742,-0.343750200519135
12.5,0.25,79.0,55.9,16.0,0.26,0.572046486,0.482423774,39.85662538,6960.107506,0.4329327529575032
12.5,0.25,79.0,55.9,1.0,0.1,0.590337413,0.493533938,41.17642111,7301.106216,0.12363465428490031
12.5,0.25,71.9,50.8,24.0,0.39,0.540978199,0.466453575,37.96686445,6443.256903,0.1305068841121896
12.5,0.25,71.9,50.8,34.0,0.56,0.467569149,0.432109831,34.17462527,5150.942889,0.3367056165605916
12.5,0.25,79.0,55.9,24.0,0.39,0.44371199,0.420093742,32.88840203,4853.807603,0.5978917389162249
12.5,0.25,79.0,55.9,34.0,0.56,0.397278517,0.398863863,30.39027791,4068.350665,0.804090471364627
12.5,0.25,64.7,45.8,16.0,0.26,0.595948108,0.495006371,41.35738644,7502.24389,-0.5004625761547168
12.5,0.25,64.7,45.8,1.0,0.1,0.622622866,0.513260507,43.55016374,8174.463377,-0.8097606748273198
12.5,0.25,58.2,41.2,16.0,0.26,0.54613583,0.453001484,37.97024343,6898.390949,-0.9251541682772678
12.5,0.25,58.2,41.2,1.0,0.1,0.541415007,0.446912521,37.52543015,6870.342118,-1.2344522669498708
12.5,0.25,64.7,45.8,24.0,0.39,0.555568429,0.472670389,38.65527495,6808.263611,-0.3355035901959952
12.5,0.25,64.7,45.8,34.0,0.56,0.548724554,0.470373306,38.37855771,6400.022213,-0.12930485774759318
12.5,0.25,58.2,41.2,24.0,0.39,0.532704207,0.447647041,36.99403039,6480.80815,-0.7601951823185463
12.5,0.25,58.2,41.2,34.0,0.56,0.448841436,0.397617195,31.77298278,5063.851086,-0.5539964498701442
12.5,0.25,71.9,50.8,16.0,0.26,0.611725787,0.506024348,42.68661357,7924.516776,-0.034452101846532024
12.5,0.25,71.9,50.8,1.0,0.1,0.629606256,0.521691969,44.72163541,8247.521164,-0.343750200519135
12.5,0.25,79.0,55.9,16.0,0.26,0.58249065,0.488112101,40.57450377,7230.132504,0.4329327529575032
12.5,0.25,79.0,55.9,1.0,0.1,0.609612922,0.504526655,42.50248162,7945.187841,0.12363465428490031
12.5,0.25,71.9,50.8,24.0,0.39,0.559094277,0.47653588,39.13991586,6673.303998,0.1305068841121896
12.5,0.25,71.9,50.8,34.0,0.56,0.474162324,0.435287772,34.50605382,5217.139763,0.3367056165605916
12.5,0.25,79.0,55.9,24.0,0.39,0.449195313,0.422918386,33.23244939,4905.498714,0.5978917389162249
12.5,0.25,79.0,55.9,34.0,0.56,0.411591443,0.404575636,31.00460557,4357.822918,0.804090471364627
12.5,0.25,64.7,45.8,16.0,0.26,0.607396172,0.501359058,42.07457289,7829.514,-0.5004625761547168
12.5,0.25,64.7,45.8,1.0,0.1,0.635017998,0.521522083,44.56159301,8621.81568,-0.8097606748273198
12.5,0.25,58.2,41.2,16.0,0.26,0.546174929,0.451546571,37.80745277,6922.846792,-0.9251541682772678
12.5,0.25,58.2,41.2,1.0,0.1,0.549794912,0.453558339,38.3054111,7215.409709,-1.2344522669498708
12.5,0.25,64.7,45.8,24.0,0.39,0.585377664,0.488527456,40.56148952,7322.609141,-0.3355035901959952
12.5,0.25,64.7,45.8,34.0,0.56,0.574989422,0.485099788,40.17143065,7044.567605,-0.12930485774759318
12.5,0.25,58.2,41.2,24.0,0.39,0.529678291,0.440298814,36.67145553,6615.690061,-0.7601951823185463
12.5,0.25,58.2,41.2,34.0,0.56,0.467812388,0.412478904,33.221987,5377.270863,-0.5539964498701442
12.5,0.25,71.9,50.8,16.0,0.26,0.52661476,0.458254721,37.03174422,6026.063649,-0.034452101846532024
12.5,0.25,71.9,50.8,1.0,0.1,0.561190143,0.472979714,38.63984283,6752.177036,-0.343750200519135
12.5,0.25,79.0,55.9,16.0,0.26,0.500437501,0.444587916,35.38461174,5643.360448,0.4329327529575032
12.5,0.25,79.0,55.9,1.0,0.1,0.533883971,0.461277878,37.33661143,6277.168674,0.12363465428490031
12.5,0.25,71.9,50.8,24.0,0.39,0.46751899,0.429710486,33.71103509,5085.844733,0.1305068841121896
12.5,0.25,71.9,50.8,34.0,0.56,0.399193166,0.402105764,30.79125626,4079.912436,0.3367056165605916
12.5,0.25,79.0,55.9,24.0,0.39,0.387351145,0.394915268,30.12737627,4016.361596,0.5978917389162249
12.5,0.25,79.0,55.9,34.0,0.56,0.33163021,0.373012567,27.735098,3049.397713,0.804090471364627
12.5,0.25,64.7,45.8,16.0,0.26,0.543968929,0.468039601,38.17159714,6529.982317,-0.5004625761547168
12.5,0.25,64.7,45.8,1.0,0.1,0.578114733,0.485218942,40.16166766,7181.425216,-0.8097606748273198
12.5,0.25,58.2,41.2,16.0,0.26,0.505619046,0.429150584,35.23885567,5914.16491,-0.9251541682772678
12.5,0.25,58.2,41.2,1.0,0.1,0.532227877,0.444146829,36.88084855,6569.249674,-1.2344522669498708
12.5,0.25,64.7,45.8,24.0,0.39,0.511830268,0.452027468,36.30184732,5864.128447,-0.3355035901959952
12.5,0.25,64.7,45.8,34.0,0.56,0.488308859,0.441470296,35.11873926,5402.484081,-0.12930485774759318
12.5,0.25,58.2,41.2,24.0,0.39,0.489326401,0.41985155,34.02922281,5674.028523,-0.7601951823185463
12.5,0.25,58.2,41.2,34.0,0.56,0.4096968,0.383563534,29.94364365,4340.82151,-0.5539964498701442
12.5,0.25,71.9,50.8,16.0,0.26,0.553729922,0.471249919,38.53456885,6683.200614,-0.034452101846532024
12.5,0.25,71.9,50.8,1.0,0.1,0.594364445,0.494164753,41.19101338,7411.174571,-0.343750200519135
12.5,0.25,79.0,55.9,16.0,0.26,0.524887803,0.45782887,36.97636061,5934.010884,0.4329327529575032
12.5,0.25,79.0,55.9,1.0,0.1,0.556294925,0.474133769,38.86811018,6795.881873,0.12363465428490031
12.5,0.25,71.9,50.8,24.0,0.39,0.500183678,0.445339632,35.50564628,5534.804936,0.1305068841121896
12.5,0.25,71.9,50.8,34.0,0.56,0.435965493,0.417486081,32.514844,4673.380523,0.3367056165605916
12.5,0.25,79.0,55.9,24.0,0.39,0.401490054,0.399530934,30.59699446,4228.818878,0.5978917389162249
12.5,0.25,79.0,55.9,34.0,0.56,0.356664626,0.381078645,28.49966552,3494.942958,0.804090471364627
12.5,0.25,64.7,45.8,16.0,0.26,0.572725923,0.479866804,39.46947609,7024.748359,-0.5004625761547168
12.5,0.25,64.7,45.8,1.0,0.1,0.605758307,0.500029301,41.91637397,7669.811819,-0.8097606748273198
12.5,0.25,58.2,41.2,16.0,0.26,0.520637077,0.43491928,35.89130977,6376.662565,-0.9251541682772678
12.5,0.25,58.2,41.2,1.0,0.1,0.532426131,0.442535249,36.82816896,6746.454602,-1.2344522669498708
12.5,0.25,64.7,45.8,24.0,0.39,0.536209474,0.463502091,37.62571268,6299.226358,-0.3355035901959952
12.5,0.25,64.7,45.8,34.0,0.56,0.517169415,0.454160581,36.46620322,5817.185275,-0.12930485774759318
12.5,0.25,58.2,41.2,24.0,0.39,0.481472551,0.411546877,33.47013876,5741.210297,-0.7601951823185463
12.5,0.25,58.2,41.2,34.0,0.56,0.435380969,0.396602445,31.26836507,4802.604302,-0.5539964498701442
12.5,0.25,71.9,50.8,16.0,0.26,0.582848693,0.487056813,40.37019338,7198.422854,-0.034452101846532024
12.5,0.25,71.9,50.8,1.0,0.1,0.605677437,0.500647106,41.97181605,7765.256323,-0.343750200519135
12.5,0.25,79.0,55.9,16.0,0.26,0.542133036,0.465157167,37.83085922,6281.91711,0.4329327529575032
12.5,0.25,79.0,55.9,1.0,0.1,0.565085745,0.476588872,39.09185599,6822.971627,0.12363465428490031
12.5,0.25,71.9,50.8,24.0,0.39,0.521523421,0.455614374,36.67877702,6098.113172,0.1305068841121896
12.5,0.25,71.9,50.8,34.0,0.56,0.447668818,0.423013398,33.08835541,4850.037463,0.3367056165605916
12.5,0.25,79.0,55.9,24.0,0.39,0.43687052,0.415160646,32.26534639,4769.318273,0.5978917389162249
12.5,0.25,79.0,55.9,34.0,0.56,0.382036352,0.392787396,29.77562706,3826.172262,0.804090471364627
12.5,0.25,64.7,45.8,16.0,0.26,0.577983425,0.485791513,40.28237595,7235.775645,-0.5004625761547168
12.5,0.25,64.7,45.8,1.0,0.1,0.610691292,0.503991707,42.40950749,7935.094765,-0.8097606748273198
12.5,0.25,58.2,41.2,16.0,0.26,0.526681768,0.438026493,36.25720816,6574.182468,-0.9251541682772678
12.5,0.25,58.2,41.2,1.0,0.1,0.535364693,0.442557129,37.11047048,7130.830014,-1.2344522669498708
12.5,0.25,64.7,45.8,24.0,0.39,0.551775489,0.470176914,38.38162699,6628.76363,-0.3355035901959952
12.5,0.25,64.7,45.8,34.0,0.56,0.540082008,0.463759475,37.60167915,6331.867217,-0.12930485774759318
12.5,0.25,58.2,41.2,24.0,0.39,0.51204794,0.431201835,35.73169085,6132.997934,-0.7601951823185463
12.5,0.25,58.2,41.2,34.0,0.56,0.444908279,0.398116316,31.78135831,4888.503031,-0.5539964498701442
12.5,0.25,71.9,50.8,16.0,0.26,0.599023157,0.499607522,41.94865711,7556.109909,-0.034452101846532024
12.5,0.25,71.9,50.8,1.0,0.1,0.621749749,0.511298321,43.28624094,8064.73881,-0.343750200519135
12.5,0.25,79.0,55.9,16.0,0.26,0.577201619,0.48335599,39.92318644,7107.609758,0.4329327529575032
12.5,0.25,79.0,55.9,1.0,0.1,0.598645112,0.499370198,41.92156882,7637.633381,0.12363465428490031
12.5,0.25,71.9,50.8,24.0,0.39,0.552926828,0.472468254,38.64034468,6524.295322,0.1305068841121896
12.5,0.25,71.9,50.8,34.0,0.56,0.469925759,0.432722017,34.18362679,5347.513929,0.3367056165605916
12.5,0.25,79.0,55.9,24.0,0.39,0.463537294,0.42912225,33.93441738,5199.534037,0.5978917389162249
12.5,0.25,79.0,55.9,34.0,0.56,0.402052391,0.4002977,30.5797224,4179.185917,0.804090471364627
12.5,0.25,64.7,45.8,16.0,0.26,0.594206083,0.493257523,41.08127039,7548.34706,-0.5004625761547168
12.5,0.25,64.7,45.8,1.0,0.1,0.61854944,0.508131009,42.92385344,8175.456195,-0.8097606748273198
12.5,0.25,58.2,41.2,16.0,0.26,0.543966758,0.448597173,37.53578671,6836.397281,-0.9251541682772678
12.5,0.25,58.2,41.2,1.0,0.1,0.538593399,0.44549439,37.4186977,7013.002812,-1.2344522669498708
12.5,0.25,64.7,45.8,24.0,0.39,0.568062152,0.479607332,39.47432437,6836.600814,-0.3355035901959952
12.5,0.25,64.7,45.8,34.0,0.56,0.553032347,0.471189418,38.45252155,6540.105445,-0.12930485774759318
12.5,0.25,58.2,41.2,24.0,0.39,0.50831235,0.426746554,35.11807556,6188.477141,-0.7601951823185463
12.5,0.25,58.2,41.2,34.0,0.56,0.465804378,0.407609786,32.6584962,5200.578495,-0.5539964498701442
12.5,0.25,71.9,50.8,16.0,0.26,0.607679197,0.502740901,42.23972427,7715.810883,-0.034452101846532024
12.5,0.25,71.9,50.8,1.0,0.1,0.630637776,0.51715975,43.97470322,8357.067222,-0.343750200519135
12.5,0.25,79.0,55.9,16.0,0.26,0.593049003,0.493757519,41.22334958,7399.875886,0.4329327529575032
12.5,0.25,79.0,55.9,1.0,0.1,0.601404506,0.498282106,41.72079694,7517.440772,0.12363465428490031
12.5,0.25,71.9,50.8,24.0,0.39,0.556301788,0.476149113,39.1606042,6717.446272,0.1305068841121896
12.5,0.25,71.9,50.8,34.0,0.56,0.490320807,0.441301913,35.09473308,5601.205307,0.3367056165605916
12.5,0.25,79.0,55.9,24.0,0.39,0.46274257,0.426679269,33.60574758,5225.163069,0.5978917389162249
12.5,0.25,79.0,55.9,34.0,0.56,0.417072864,0.407223705,31.36831014,4393.527431,0.804090471364627
12.5,0.25,64.7,45.8,16.0,0.26,0.606599706,0.500292047,41.93725753,7907.240674,-0.5004625761547168
12.5,0.25,64.7,45.8,1.0,0.1,0.617868887,0.510839162,43.3126693,8212.792891,-0.8097606748273198
12.5,0.25,58.2,41.2,16.0,0.26,0.535894701,0.442865602,36.92483932,6846.006857,-0.9251541682772678
12.5,0.25,58.2,41.2,1.0,0.1,0.544644313,0.44959908,37.77154371,7028.673498,-1.2344522669498708
12.5,0.25,64.7,45.8,24.0,0.39,0.586760249,0.490357436,40.7940564,7400.775379,-0.3355035901959952
12.5,0.25,64.7,45.8,34.0,0.56,0.574708327,0.484698098,40.11817697,7048.870716,-0.12930485774759318
12.5,0.25,58.2,41.2,24.0,0.39,0.533196209,0.443192487,36.95787336,6779.981658,-0.7601951823185463
12.5,0.25,58.2,41.2,34.0,0.56,0.468921469,0.411271911,33.22890035,5548.122012,-0.5539964498701442
12.5,0.25,71.9,50.8,16.0,0.26,0.585434474,0.488638858,40.56322545,7380.633803,-0.034452101846532024
12.5,0.25,71.9,50.8,1.0,0.1,0.610321439,0.504532158,42.48753914,7793.442058,-0.343750200519135
12.5,0.25,79.0,55.9,16.0,0.26,0.570329618,0.480779062,39.67566796,7161.961901,0.4329327529575032
12.5,0.25,79.0,55.9,1.0,0.1,0.582954458,0.488176027,40.55976952,7243.226111,0.12363465428490031
12.5,0.25,71.9,50.8,24.0,0.39,0.535877448,0.462697311,37.55556802,6368.849821,0.1305068841121896
12.5,0.25,71.9,50.8,34.0,0.56,0.451083154,0.424728104,33.32452765,4975.885376,0.3367056165605916
12.5,0.25,79.0,55.9,24.0,0.39,0.437609121,0.416280584,32.41787171,4700.576149,0.5978917389162249
12.5,0.25,79.0,55.9,34.0,0.56,0.385021951,0.393118491,29.80324762,3804.610168,0.804090471364627
12.5,0.25,64.7,45.8,16.0,0.26,0.575902218,0.480382567,39.49160012,7159.336664,-0.5004625761547168
12.5,0.25,64.7,45.8,1.0,0.1,0.608344644,0.50146507,42.11266981,7933.302352,-0.8097606748273198
12.5,0.25,58.2,41.2,16.0,0.26,0.535863236,0.446575791,37.02177209,6539.11085,-0.9251541682772678
12.5,0.25,58.2,41.2,1.0,0.1,0.52698696,0.438669933,36.34050331,6696.23571,-1.2344522669498708
12.5,0.25,64.7,45.8,24.0,0.39,0.5561803,0.472270742,38.62163873,6638.656487,-0.3355035901959952
12.5,0.25,64.7,45.8,34.0,0.56,0.541142146,0.463558518,37.54210856,6361.489513,-0.12930485774759318
12.5,0.25,58.2,41.2,24.0,0.39,0.520592483,0.435291285,35.72822346,6320.238926,-0.7601951823185463
12.5,0.25,58.2,41.2,34.0,0.56,0.439423956,0.393781726,31.39456852,4952.9856,-0.5539964498701442
12.5,0.25,71.9,50.8,16.0,0.26,0.597060641,0.496788174,41.57478166,7541.667404,-0.034452101846532024
12.5,0.25,71.9,50.8,1.0,0.1,0.619453149,0.50952792,43.07173864,8109.230504,-0.343750200519135
12.5,0.25,79.0,55.9,16.0,0.26,0.579179402,0.484349504,40.0282126,7163.9441,0.4329327529575032
12.5,0.25,79.0,55.9,1.0,0.1,0.595712725,0.494895461,41.3159122,7626.617335,0.12363465428490031
12.5,0.25,71.9,50.8,24.0,0.39,0.550116044,0.471871207,38.6454264,6626.851498,0.1305068841121896
12.5,0.25,71.9,50.8,34.0,0.56,0.480963646,0.437059543,34.66057255,5291.89688,0.3367056165605916
12.5,0.25,79.0,55.9,24.0,0.39,0.463097152,0.428118259,33.79678871,5323.300337,0.5978917389162249
12.5,0.25,79.0,55.9,34.0,0.56,0.404446048,0.401091418,30.66522059,4100.759169,0.804090471364627
12.5,0.25,64.7,45.8,16.0,0.26,0.589306067,0.488615886,40.54647951,7560.205645,-0.5004625761547168
12.5,0.25,64.7,45.8,1.0,0.1,0.607690073,0.501568683,42.1419027,7895.020796,-0.8097606748273198
12.5,0.25,58.2,41.2,16.0,0.26,0.534126224,0.441974474,36.7513957,6731.712208,-0.9251541682772678
12.5,0.25,58.2,41.2,1.0,0.1,0.527399614,0.437354261,36.3854328,6677.624427,-1.2344522669498708
12.5,0.25,64.7,45.8,24.0,0.39,0.576469662,0.48363057,39.91734321,7162.433638,-0.3355035901959952
12.5,0.25,64.7,45.8,34.0,0.56,0.561296524,0.475425424,38.93451187,6735.24371,-0.12930485774759318
12.5,0.25,58.2,41.2,24.0,0.39,0.538371386,0.446570029,36.98857322,6771.722906,-0.7601951823185463
12.5,0.25,58.2,41.2,34.0,0.56,0.46555863,0.409033913,32.9240208,5322.840434,-0.5539964498701442
12.5,0.25,71.9,50.8,16.0,0.26,0.608930974,0.502062222,42.16770498,7761.15796,-0.034452101846532024
12.5,0.25,71.9,50.8,1.0,0.1,0.619006054,0.511116064,43.2784975,8002.997103,-0.343750200519135
12.5,0.25,79.0,55.9,16.0,0.26,0.595052932,0.494864674,41.36494454,7483.736315,0.4329327529575032
12.5,0.25,79.0,55.9,1.0,0.1,0.612478041,0.508336663,43.00334146,7888.414929,0.12363465428490031
12.5,0.25,71.9,50.8,24.0,0.39,0.567958657,0.477778535,39.23966787,6862.908392,0.1305068841121896
12.5,0.25,71.9,50.8,34.0,0.56,0.506104448,0.449306369,36.04045222,5828.732121,0.3367056165605916
12.5,0.25,79.0,55.9,24.0,0.39,0.477961423,0.435764199,34.62976419,5454.633853,0.5978917389162249
12.5,0.25,79.0,55.9,34.0,0.56,0.437188153,0.416107584,32.29905902,4745.460284,0.804090471364627
12.5,0.25,64.7,45.8,16.0,0.26,0.603493403,0.497864974,41.61500537,7713.479598,-0.5004625761547168
12.5,0.25,64.7,45.8,1.0,0.1,0.608455265,0.502418156,42.18519611,7858.685578,-0.8097606748273198
12.5,0.25,58.2,41.2,16.0,0.26,0.55235942,0.455179564,38.04275581,7103.508943,-0.9251541682772678
12.5,0.25,58.2,41.2,1.0,0.1,0.546275069,0.449239458,37.44734554,7136.984453,-1.2344522669498708
12.5,0.25,64.7,45.8,24.0,0.39,0.574796304,0.482118713,39.77346165,7172.435009,-0.3355035901959952
12.5,0.25,64.7,45.8,34.0,0.56,0.578556842,0.486632377,40.36001849,7175.068982,-0.12930485774759318
12.5,0.25,58.2,41.2,24.0,0.39,0.521906846,0.432226587,35.77113923,6621.250814,-0.7601951823185463
12.5,0.25,58.2,41.2,34.0,0.56,0.47960301,0.417365455,33.97877886,5830.488555,-0.5539964498701442
12.5,0.25,71.9,50.8,16.0,0.26,0.575237945,0.481173502,39.64669117,7207.420303,-0.034452101846532024
12.5,0.25,71.9,50.8,1.0,0.1,0.601353783,0.496997462,41.52614508,7732.225218,-0.343750200519135
12.5,0.25,79.0,55.9,16.0,0.26,0.565239387,0.474798231,38.8469565,6860.396428,0.4329327529575032
12.5,0.25,79.0,55.9,1.0,0.1,0.586303901,0.490981116,40.92210139,7570.608619,0.12363465428490031
12.5,0.25,71.9,50.8,24.0,0.39,0.532627825,0.460285638,37.19103587,6255.890642,0.1305068841121896
12.5,0.25,71.9,50.8,34.0,0.56,0.464260194,0.428903862,33.74349354,5124.854901,0.3367056165605916
12.5,0.25,79.0,55.9,24.0,0.39,0.454937519,0.423865656,33.26713681,5151.386473,0.5978917389162249
12.5,0.25,79.0,55.9,34.0,0.56,0.396762494,0.396927831,30.27510191,4042.842643,0.804090471364627
12.5,0.25,64.7,45.8,16.0,0.26,0.578889093,0.482807121,39.85898134,7127.164572,-0.5004625761547168
12.5,0.25,64.7,45.8,1.0,0.1,0.596753394,0.495164177,41.33629767,7690.174905,-0.8097606748273198
12.5,0.25,58.2,41.2,16.0,0.26,0.527308548,0.436376172,36.09379556,6589.278977,-0.9251541682772678
12.5,0.25,58.2,41.2,1.0,0.1,0.529511192,0.436996925,36.2629303,6830.966046,-1.2344522669498708
12.5,0.25,64.7,45.8,24.0,0.39,0.560709036,0.475184735,38.99704008,6887.466493,-0.3355035901959952
12.5,0.25,64.7,45.8,34.0,0.56,0.543972464,0.466640196,37.96058614,6451.100519,-0.12930485774759318
12.5,0.25,58.2,41.2,24.0,0.39,0.505120461,0.425220363,34.79781929,6187.951881,-0.7601951823185463
12.5,0.25,58.2,41.2,34.0,0.56,0.464368945,0.412661872,33.12546719,5367.618255,-0.5539964498701442
12.5,0.25,71.9,50.8,16.0,0.26,0.600340952,0.496358614,41.48453443,7554.4683,-0.034452101846532024
12.5,0.25,71.9,50.8,1.0,0.1,0.611993912,0.506604757,42.82737534,8013.626308,-0.343750200519135
12.5,0.25,79.0,55.9,16.0,0.26,0.579981861,0.48518887,40.17821466,7231.027782,0.4329327529575032
12.5,0.25,79.0,55.9,1.0,0.1,0.592156153,0.489992416,40.64163782,7297.732097,0.12363465428490031
12.5,0.25,71.9,50.8,24.0,0.39,0.547283352,0.466492143,37.87903588,6583.457887,0.1305068841121896
12.5,0.25,71.9,50.8,34.0,0.56,0.483249032,0.438630573,34.89995717,5330.369306,0.3367056165605916
12.5,0.25,79.0,55.9,24.0,0.39,0.473142233,0.430905502,34.01445364,5446.697471,0.5978917389162249
12.5,0.25,79.0,55.9,34.0,0.56,0.424574228,0.408610007,31.44274436,4568.672172,0.804090471364627
12.5,0.25,64.7,45.8,16.0,0.26,0.583378727,0.484791782,40.03764422,7425.751937,-0.5004625761547168
12.5,0.25,64.7,45.8,1.0,0.1,0.59248944,0.491124144,40.81318096,7588.360961,-0.8097606748273198
12.5,0.25,58.2,41.2,16.0,0.26,0.536128074,0.445071322,36.9753139,6771.674965,-0.9251541682772678
12.5,0.25,58.2,41.2,1.0,0.1,0.538048419,0.445134287,36.96933887,6941.824131,-1.2344522669498708
12.5,0.25,64.7,45.8,24.0,0.39,0.569713565,0.480106144,39.58916872,6942.396304,-0.3355035901959952
12.5,0.25,64.7,45.8,34.0,0.56,0.557250655,0.472521274,38.6254357,6708.241295,-0.12930485774759318
12.5,0.25,58.2,41.2,24.0,0.39,0.511750776,0.427683045,35.17991165,6461.670875,-0.7601951823185463
12.5,0.25,58.2,41.2,34.0,0.56,0.465199368,0.409384028,32.88039453,5313.378277,-0.5539964498701442
12.5,0.25,71.9,50.8,16.0,0.26,0.611039732,0.501877874,42.13008169,7897.9319,-0.034452101846532024
12.5,0.25,71.9,50.8,1.0,0.1,0.62677511,0.513171554,43.43220995,8440.960969,-0.343750200519135
12.5,0.25,79.0,55.9,16.0,0.26,0.595065655,0.491901278,40.86547798,7529.175053,0.4329327529575032
12.5,0.25,79.0,55.9,1.0,0.1,0.603371908,0.500653697,42.13153821,7675.963523,0.12363465428490031
12.5,0.25,71.9,50.8,24.0,0.39,0.566645314,0.478935976,39.38136072,6901.658937,0.1305068841121896
12.5,0.25,71.9,50.8,34.0,0.56,0.506742719,0.449545727,36.09829713,5811.211473,0.3367056165605916
12.5,0.25,79.0,55.9,24.0,0.39,0.49739138,0.443754909,35.50118221,5711.85174,0.5978917389162249
12.5,0.25,79.0,55.9,34.0,0.56,0.442869304,0.416802269,32.34445707,4740.015047,0.804090471364627
12.5,0.25,64.7,45.8,16.0,0.26,0.600086778,0.496548991,41.54582537,7835.767792,-0.5004625761547168
12.5,0.25,64.7,45.8,1.0,0.1,0.603544257,0.50020424,42.02254143,7878.817681,-0.8097606748273198
12.5,0.25,58.2,41.2,16.0,0.26,0.531891546,0.440785841,36.46634183,6770.23332,-0.9251541682772678
12.5,0.25,58.2,41.2,1.0,0.1,0.524577301,0.434863988,36.04067528,6614.219308,-1.2344522669498708
12.5,0.25,64.7,45.8,24.0,0.39,0.581744319,0.485989695,40.23598632,7206.901956,-0.3355035901959952
12.5,0.25,64.7,45.8,34.0,0.56,0.582482579,0.487075422,40.33534199,7234.255248,-0.12930485774759318
12.5,0.25,58.2,41.2,24.0,0.39,0.530291604,0.440241496,36.54941505,6482.705721,-0.7601951823185463
12.5,0.25,58.2,41.2,34.0,0.56,0.476178181,0.413631524,33.49849454,5596.226357,-0.5539964498701442
12.5,0.25,71.9,50.8,16.0,0.26,0.588987285,0.48881217,40.55501923,7381.973331,-0.034452101846532024
12.5,0.25,71.9,50.8,1.0,0.1,0.603545036,0.497978979,41.6216451,7738.881709,-0.343750200519135
12.5,0.25,79.0,55.9,16.0,0.26,0.56581933,0.476002331,39.04659266,6806.492688,0.4329327529575032
12.5,0.25,79.0,55.9,1.0,0.1,0.585313688,0.48648622,40.22738685,7284.814779,0.12363465428490031
12.5,0.25,71.9,50.8,24.0,0.39,0.544066693,0.464561582,37.67828481,6514.638993,0.1305068841121896
12.5,0.25,71.9,50.8,34.0,0.56,0.467741485,0.429230513,33.75309045,5136.93247,0.3367056165605916
12.5,0.25,79.0,55.9,24.0,0.39,0.455384537,0.424311942,33.31223192,5192.883148,0.5978917389162249
12.5,0.25,79.0,55.9,34.0,0.56,0.408487848,0.400980125,30.60468328,4281.52619,0.804090471364627
12.5,0.25,64.7,45.8,16.0,0.26,0.583697575,0.48651762,40.2744187,7417.81497,-0.5004625761547168
12.5,0.25,64.7,45.8,1.0,0.1,0.593029845,0.491414051,40.82972076,7639.547887,-0.8097606748273198
12.5,0.25,58.2,41.2,16.0,0.26,0.527724447,0.437516086,36.24969463,6920.084268,-0.9251541682772678
12.5,0.25,58.2,41.2,1.0,0.1,0.520986614,0.433668483,35.6972028,6598.854044,-1.2344522669498708
12.5,0.25,64.7,45.8,24.0,0.39,0.556715923,0.471125278,38.45140921,6671.072643,-0.3355035901959952
12.5,0.25,64.7,45.8,34.0,0.56,0.555726691,0.470719472,38.38301202,6645.569975,-0.12930485774759318
12.5,0.25,58.2,41.2,24.0,0.39,0.518556034,0.433841405,35.48700839,6500.097782,-0.7601951823185463
12.5,0.25,58.2,41.2,34.0,0.56,0.453234697,0.401236607,32.21562101,5345.991061,-0.5539964498701442
12.5,0.25,71.9,50.8,16.0,0.26,0.592798225,0.491169185,40.84238532,7440.712007,-0.034452101846532024
12.5,0.25,71.9,50.8,1.0,0.1,0.610993712,0.503636289,42.40915749,7963.939307,-0.343750200519135
12.5,0.25,79.0,55.9,16.0,0.26,0.587319779,0.488005014,40.4613306,7369.685585,0.4329327529575032
12.5,0.25,79.0,55.9,1.0,0.1,0.599953146,0.497740882,41.66192928,7532.829529,0.12363465428490031
12.5,0.25,71.9,50.8,24.0,0.39,0.555210358,0.470846733,38.42153319,6554.976861,0.1305068841121896
12.5,0.25,71.9,50.8,34.0,0.56,0.494584864,0.44252903,35.28592597,5729.715055,0.3367056165605916
12.5,0.25,79.0,55.9,24.0,0.39,0.476054066,0.433407697,34.33849206,5399.861131,0.5978917389162249
12.5,0.25,79.0,55.9,34.0,0.56,0.429210588,0.409976946,31.57410804,4580.392997,0.804090471364627
12.5,0.25,64.7,45.8,16.0,0.26,0.586602539,0.488568502,40.63849594,7428.834423,-0.5004625761547168
12.5,0.25,64.7,45.8,1.0,0.1,0.58492102,0.486889324,40.33593654,7479.93417,-0.8097606748273198
12.5,0.25,58.2,41.2,16.0,0.26,0.529163709,0.438095887,36.25083805,6749.518191,-0.9251541682772678
12.5,0.25,58.2,41.2,1.0,0.1,0.527742687,0.438514042,36.31114278,6869.777604,-1.2344522669498708
12.5,0.25,64.7,45.8,24.0,0.39,0.569935673,0.476836137,39.06314597,6929.554801,-0.3355035901959952
12.5,0.25,64.7,45.8,34.0,0.56,0.565976484,0.478162473,39.33777176,6852.979712,-0.12930485774759318
12.5,0.25,58.2,41.2,24.0,0.39,0.514537018,0.430253104,35.41408191,6335.296388,-0.7601951823185463
12.5,0.25,58.2,41.2,34.0,0.56,0.460960916,0.404358198,32.5102476,5305.743635,-0.5539964498701442
12.5,0.25,71.9,50.8,16.0,0.26,0.612633396,0.502786993,42.17176453,7914.171177,-0.034452101846532024
12.5,0.25,71.9,50.8,1.0,0.1,0.620391949,0.511834352,43.37204316,8254.05731,-0.343750200519135
12.5,0.25,79.0,55.9,16.0,0.26,0.601161249,0.495799217,41.36318078,7558.005885,0.4329327529575032
12.5,0.25,79.0,55.9,1.0,0.1,0.610860604,0.503371107,42.33928002,7861.465383,0.12363465428490031
12.5,0.25,71.9,50.8,24.0,0.39,0.566350244,0.477438541,39.22848885,6799.729175,0.1305068841121896
12.5,0.25,71.9,50.8,34.0,0.56,0.500189951,0.444658692,35.51753863,5729.569636,0.3367056165605916
12.5,0.25,79.0,55.9,24.0,0.39,0.488014406,0.437317312,34.78105469,5675.721494,0.5978917389162249
12.5,0.25,79.0,55.9,34.0,0.56,0.450593944,0.420598245,32.81196654,4813.452846,0.804090471364627
12.5,0.25,64.7,45.8,16.0,0.26,0.58337988,0.484307576,39.95364888,7443.624456,-0.5004625761547168
12.5,0.25,64.7,45.8,1.0,0.1,0.596036127,0.492748552,40.99850428,7706.881369,-0.8097606748273198
12.5,0.25,58.2,41.2,16.0,0.26,0.528518697,0.437693166,36.31013579,6757.073662,-0.9251541682772678
12.5,0.25,58.2,41.2,1.0,0.1,0.523070143,0.435584965,35.90984596,6620.098774,-1.2344522669498708
12.5,0.25,64.7,45.8,24.0,0.39,0.578887446,0.482859526,39.77772061,7183.10038,-0.3355035901959952
12.5,0.25,64.7,45.8,34.0,0.56,0.57272491,0.481279313,39.69681287,7019.694384,-0.12930485774759318
12.5,0.25,58.2,41.2,24.0,0.39,0.528886613,0.439104197,36.2542016,6608.90751,-0.7601951823185463
12.5,0.25,58.2,41.2,34.0,0.56,0.480386371,0.41390409,33.33119375,5535.05665,-0.5539964498701442
12.5,0.25,71.9,50.8,16.0,0.26,0.621376432,0.513721618,43.63998621,8134.726547,-0.034452101846532024
12.5,0.25,71.9,50.8,1.0,0.1,0.641480254,0.528322189,45.47838117,8711.208961,-0.343750200519135
12.5,0.25,79.0,55.9,16.0,0.26,0.595306377,0.498055536,41.76622653,7406.902484,0.4329327529575032
12.5,0.25,79.0,55.9,1.0,0.1,0.614621141,0.513728593,43.7550339,8090.417127,0.12363465428490031
12.5,0.25,71.9,50.8,24.0,0.39,0.566076664,0.481349777,39.7419306,6848.626223,0.1305068841121896
12.5,0.25,71.9,50.8,34.0,0.56,0.494906594,0.444967734,35.62231346,5527.425034,0.3367056165605916
12.5,0.25,79.0,55.9,24.0,0.39,0.4745752,0.436042539,34.68201491,5296.611091,0.5978917389162249
12.5,0.25,79.0,55.9,34.0,0.56,0.424394344,0.412450296,31.88184658,4480.07,0.804090471364627
12.5,0.25,64.7,45.8,16.0,0.26,0.610329712,0.506002075,42.73173641,7920.061748,-0.5004625761547168
12.5,0.25,64.7,45.8,1.0,0.1,0.635315515,0.524860365,45.07802445,8652.043342,-0.8097606748273198
12.5,0.25,58.2,41.2,16.0,0.26,0.563746659,0.46618285,39.76356662,7222.004621,-0.9251541682772678
12.5,0.25,58.2,41.2,1.0,0.1,0.553185654,0.455065287,38.61011529,7290.10652,-1.2344522669498708
12.5,0.25,64.7,45.8,24.0,0.39,0.598814008,0.498585597,41.73066669,7510.790568,-0.3355035901959952
12.5,0.25,64.7,45.8,34.0,0.56,0.587276072,0.494588902,41.40492886,7174.664896,-0.12930485774759318
12.5,0.25,58.2,41.2,24.0,0.39,0.55195445,0.455560504,38.4173944,7080.040043,-0.7601951823185463
12.5,0.25,58.2,41.2,34.0,0.56,0.483872542,0.417947008,34.20739786,5665.219597,-0.5539964498701442
12.5,0.25,71.9,50.8,16.0,0.26,0.626397463,0.516147572,43.93700206,8298.206974,-0.034452101846532024
12.5,0.25,71.9,50.8,1.0,0.1,0.645640994,0.532222816,45.95298911,8671.716806,-0.343750200519135
12.5,0.25,79.0,55.9,16.0,0.26,0.612390179,0.510402544,43.33471751,7714.323102,0.4329327529575032
12.5,0.25,79.0,55.9,1.0,0.1,0.627857666,0.520974303,44.62396561,8211.0795,0.12363465428490031
12.5,0.25,71.9,50.8,24.0,0.39,0.584016198,0.492641907,41.05919357,7270.318318,0.1305068841121896
12.5,0.25,71.9,50.8,34.0,0.56,0.509989204,0.45386752,36.68541263,5747.56017,0.3367056165605916
12.5,0.25,79.0,55.9,24.0,0.39,0.498657334,0.448608762,36.11395452,5777.3754,0.5978917389162249
12.5,0.25,79.0,55.9,34.0,0.56,0.456503309,0.425245072,33.3039002,5061.72061,0.804090471364627
12.5,0.25,64.7,45.8,16.0,0.26,0.612974151,0.508018854,42.93452098,7829.472937,-0.5004625761547168
12.5,0.25,64.7,45.8,1.0,0.1,0.638787728,0.524904141,44.99434918,8634.775829,-0.8097606748273198
12.5,0.25,58.2,41.2,16.0,0.26,0.57467888,0.471713424,40.03902035,7608.621822,-0.9251541682772678
12.5,0.25,58.2,41.2,1.0,0.1,0.573204799,0.46935993,39.81661146,7555.171595,-1.2344522669498708
12.5,0.25,64.7,45.8,24.0,0.39,0.600388431,0.501204063,42.12881916,7604.315838,-0.3355035901959952
12.5,0.25,64.7,51.51799647069541,34.0,0.56,0.596551315,0.498475898,41.78212739,7521.714355,0.1354879988734992
12.5,0.25,58.2,45.10091710133993,24.0,0.39,0.564981991,0.467219599,39.50188081,7219.760394,-0.57954886887648
12.5,0.25,58.2,45.955237601273225,34.0,0.56,0.506987743,0.434349356,35.8744954,6060.283822,-0.33378768359924915
12.5,0.25,71.9,52.97295789699615,16.0,0.26,0.638323095,0.527895672,45.48708185,8465.885625,0.0661747054297229
12.5,0.25,71.9,45.80881113113969,1.0,0.1,0.652144089,0.535660479,46.36934409,8969.401842,-0.5748855580336502
12.5,0.25,79.0,52.38000695864577,16.0,0.26,0.623063206,0.514790079,43.74980674,8166.597859,0.26992652910210524
12.5,0.25,79.0,45.12149466188829,1.0,0.1,0.642881721,0.532772006,46.13942523,8605.199951,-0.3755036773337595
12.5,0.25,71.9,49.98680518096053,24.0,0.39,0.601357636,0.50251773,42.24537298,7576.39253,0.09284890719204206
12.5,0.25,71.9,50.8,34.0,0.56,0.530112463,0.463064582,37.7247238,6249.470817,0.3367056165605916
12.5,0.25,79.0,55.9,24.0,0.39,0.508991582,0.453940904,36.81673726,6071.228897,0.5978917389162249
12.5,0.25,79.0,55.9,34.0,0.56,0.468305902,0.431946288,34.12272267,5199.792105,0.804090471364627
12.5,0.25,64.7,45.8,16.0,0.26,0.62809913,0.5145695,43.68715255,8307.38018,-0.5004625761547168
12.5,0.25,64.7,45.8,1.0,0.1,0.641617746,0.529619103,45.718182,8743.520983,-0.8097606748273198
12.5,0.25,58.2,41.2,16.0,0.26,0.576589776,0.474776543,40.65549833,7667.83619,-0.9251541682772678
12.5,0.25,58.2,41.2,1.0,0.1,0.566319234,0.462462315,39.12726257,7416.707761,-1.2344522669498708
12.5,0.25,64.7,45.8,24.0,0.39,0.612222602,0.506852617,42.78112742,7969.025753,-0.3355035901959952
12.5,0.25,64.7,45.8,34.0,0.56,0.606612254,0.507221731,42.93997745,7778.349159,-0.12930485774759318
12.5,0.25,58.2,41.2,24.0,0.39,0.551891558,0.455238354,38.74276374,7298.002602,-0.7601951823185463
12.5,0.25,58.2,41.2,34.0,0.56,0.500557995,0.424902006,35.14089874,6033.778564,-0.5539964498701442
12.5,0.25,71.9,50.8,16.0,0.26,0.615611893,0.510575061,43.29398449,8007.206207,-0.034452101846532024
12.5,0.25,71.9,50.8,1.0,0.1,0.632108665,0.521053692,44.57214339,8408.383412,-0.343750200519135
12.5,0.25,79.0,55.9,16.0,0.26,0.603524723,0.50404651,42.53222072,7455.416383,0.4329327529575032
12.5,0.25,79.0,55.9,1.0,0.1,0.619887727,0.514873193,43.84410679,8104.934974,0.12363465428490031
12.5,0.25,71.9,50.8,24.0,0.39,0.576602444,0.487427885,40.46221144,7064.169775,0.1305068841121896
12.5,0.25,71.9,50.8,34.0,0.56,0.501777434,0.448647248,36.01862394,5735.133035,0.3367056165605916
12.5,0.25,79.0,55.9,24.0,0.39,0.481328623,0.438612787,34.95207208,5504.750825,0.5978917389162249
12.5,0.25,79.0,55.9,34.0,0.56,0.424778393,0.409907136,31.50270183,4433.536966,0.804090471364627
12.5,0.25,64.7,45.8,16.0,0.26,0.611462998,0.504716807,42.50852244,7903.513509,-0.5004625761547168
12.5,0.25,64.7,45.8,1.0,0.1,0.631033926,0.520003767,44.49542302,8538.462001,-0.8097606748273198
12.5,0.25,58.2,41.2,16.0,0.26,0.56383312,0.462547404,39.20306912,7434.34904,-0.9251541682772678
12.5,0.25,58.2,41.2,1.0,0.1,0.559324725,0.459383737,38.84880688,7357.358903,-1.2344522669498708
12.5,0.25,64.7,45.8,24.0,0.39,0.594836828,0.495912854,41.44744954,7441.509419,-0.3355035901959952
12.5,0.25,64.7,45.8,34.0,0.56,0.583077181,0.490020262,40.73826603,7150.9817,-0.12930485774759318
12.5,0.25,58.2,41.2,24.0,0.39,0.545562834,0.452320672,38.05729766,6979.324788,-0.7601951823185463
12.5,0.25,58.2,41.2,34.0,0.56,0.488485703,0.418219535,34.25153963,6024.945992,-0.5539964498701442
12.5,0.25,71.9,50.8,16.0,0.26,0.625727004,0.516063505,43.95536146,8116.531753,-0.034452101846532024
12.5,0.25,71.9,50.8,1.0,0.1,0.645475445,0.530933466,45.80306982,8823.690108,-0.343750200519135
12.5,0.25,79.0,55.9,16.0,0.26,0.614291616,0.509645194,43.17615175,7998.350591,0.4329327529575032
12.5,0.25,79.0,55.9,1.0,0.1,0.631790257,0.524273231,45.06919216,8284.85461,0.12363465428490031
12.5,0.25,71.9,50.8,24.0,0.39,0.582604099,0.492693356,41.17620131,7303.58812,0.1305068841121896
12.5,0.25,71.9,50.8,34.0,0.56,0.522435446,0.457945593,37.03329756,5954.513153,0.3367056165605916
12.5,0.25,79.0,55.9,24.0,0.39,0.509933842,0.453340965,36.66168432,5898.015732,0.5978917389162249
12.5,0.25,79.0,55.9,34.0,0.56,0.459356717,0.426678021,33.48611213,4936.105576,0.804090471364627
12.5,0.25,64.7,45.8,16.0,0.26,0.622419314,0.513585375,43.65957738,8157.236939,-0.5004625761547168
12.5,0.25,64.7,45.8,1.0,0.1,0.62818447,0.517544673,44.10669723,8489.691924,-0.8097606748273198
12.5,0.25,58.2,41.2,16.0,0.26,0.564794821,0.462760521,39.28816181,7241.370531,-0.9251541682772678
12.5,0.25,58.2,41.2,1.0,0.1,0.557376524,0.45826996,38.77478764,7317.951035,-1.2344522669498708
12.5,0.25,64.7,45.8,24.0,0.39,0.600435148,0.500524535,42.0271829,7564.774933,-0.3355035901959952
12.5,0.25,64.7,45.8,34.0,0.56,0.598281018,0.498478897,41.78031158,7557.46014,-0.12930485774759318
12.5,0.25,58.2,41.2,24.0,0.39,0.538703555,0.446450716,37.55181473,6772.933474,-0.7601951823185463
12.5,0.25,58.2,41.2,34.0,0.56,0.489083314,0.417908804,34.3041215,5882.965617,-0.5539964498701442
12.5,0.25,71.9,50.8,16.0,0.26,0.633144179,0.519455977,44.2785829,8318.798885,-0.034452101846532024
12.5,0.25,71.9,50.8,1.0,0.1,0.644329005,0.529501569,45.61979691,8655.676437,-0.343750200519135
12.5,0.25,79.0,55.9,16.0,0.26,0.627442488,0.519045161,44.39094402,8254.126537,0.4329327529575032
12.5,0.25,79.0,55.9,1.0,0.1,0.640742728,0.527735445,45.40338621,8562.370774,0.12363465428490031
12.5,0.25,71.9,50.8,24.0,0.39,0.589622441,0.495898084,41.54582317,7340.460767,0.1305068841121896
12.5,0.25,71.9,50.8,34.0,0.56,0.529070993,0.460627726,37.35683231,6146.831516,0.3367056165605916
12.5,0.25,79.0,55.9,24.0,0.39,0.506190323,0.452074913,36.55432716,5807.006933,0.5978917389162249
12.5,0.25,79.0,55.9,34.0,0.56,0.480707687,0.436459223,34.60429153,5329.263197,0.804090471364627
12.5,0.25,64.7,45.8,16.0,0.26,0.621810512,0.511053454,43.24204733,8173.589103,-0.5004625761547168
12.5,0.25,64.7,45.8,1.0,0.1,0.631417034,0.521136035,44.59947057,8413.659665,-0.8097606748273198
12.5,0.25,58.2,41.2,16.0,0.26,0.566719686,0.463806532,39.36457911,7565.104163,-0.9251541682772678
12.5,0.25,58.2,41.2,1.0,0.1,0.553671368,0.455404808,38.65350945,7457.506063,-1.2344522669498708
12.5,0.25,64.7,45.8,24.0,0.39,0.611397858,0.503663416,42.33632715,7800.501276,-0.3355035901959952
12.5,0.25,64.7,45.8,34.0,0.56,0.605130356,0.504877559,42.59849195,7617.395889,-0.12930485774759318
12.5,0.25,58.2,41.2,24.0,0.39,0.571610169,0.468338919,39.41382075,7381.379396,-0.7601951823185463
12.5,0.25,58.2,41.2,34.0,0.56,0.504853246,0.430358895,35.51371293,5971.394016,-0.5539964498701442
12.5,0.25,71.9,50.8,16.0,0.26,0.612209289,0.506686303,42.79905453,7884.567722,-0.034452101846532024
12.5,0.25,71.9,50.8,1.0,0.1,0.63346314,0.5251356,45.20294287,8570.913533,-0.343750200519135
12.5,0.25,79.0,55.9,16.0,0.26,0.608339742,0.504233755,42.48595317,7616.705992,0.4329327529575032
12.5,0.25,79.0,55.9,1.0,0.1,0.617635584,0.513208594,43.67027165,8086.388809,0.12363465428490031
12.5,0.25,71.9,50.8,24.0,0.39,0.575785764,0.486816771,40.39944387,7101.757831,0.1305068841121896
12.5,0.25,71.9,50.8,34.0,0.56,0.500058984,0.444690988,35.47352652,5566.52275,0.3367056165605916
25.0,0.5,71.9,50.8,16.0,0.26,0.495479339,0.448400516,35.92331365,5946.052257,0.42703729861905704
25.0,0.5,71.9,50.8,1.0,0.1,0.517723246,0.45968428,37.32322478,6392.356672,0.11773919994645407
25.0,0.5,79.0,55.9,16.0,0.26,0.464411249,0.433195442,34.15934595,5205.320295,0.8944221534230923
25.0,0.5,79.0,55.9,1.0,0.1,0.477832221,0.439278501,34.8789274,5524.145415,0.5851240547504895
25.0,0.5,71.9,50.8,24.0,0.39,0.432911682,0.419851618,32.76315093,4920.136635,0.5919962845777786
25.0,0.5,71.9,50.8,34.0,0.56,0.371183688,0.394606103,30.11060535,3834.574804,0.7981950170261807
25.0,0.5,79.0,55.9,24.0,0.39,0.353235517,0.383470679,28.94869929,3626.366534,1.059381139381814
25.0,0.5,79.0,55.9,34.0,0.56,0.308856187,0.366977261,27.19065136,2946.926015,1.265579871830216
25.0,0.5,64.7,45.8,16.0,0.26,0.498261098,0.452630705,36.62496616,6037.686131,-0.038973175689127726
25.0,0.5,64.7,45.8,1.0,0.1,0.530916639,0.463152392,37.5842361,6595.901577,-0.3482712743617307
25.0,0.5,58.2,41.2,16.0,0.26,0.455340281,0.403129918,32.46181948,5403.69852,-0.4636647678116787
25.0,0.5,58.2,41.2,1.0,0.1,0.458530485,0.407126353,32.62780351,5498.460221,-0.7729628664842818
25.0,0.5,64.7,45.8,24.0,0.39,0.462752296,0.433844688,34.35665515,5203.876814,0.12598581026959388
25.0,0.5,64.7,45.8,34.0,0.56,0.440365017,0.423763672,33.12590428,4694.608192,0.3321845427179959
25.0,0.5,58.2,41.2,24.0,0.39,0.432419853,0.394168935,31.44841986,4952.013044,-0.2987057818529572
25.0,0.5,58.2,41.2,34.0,0.56,0.375383664,0.370480992,28.80786754,4290.964878,-0.09250704940455512
25.0,0.5,71.9,50.8,16.0,0.26,0.496636394,0.448972519,35.98855463,5920.487176,0.42703729861905704
25.0,0.5,71.9,50.8,1.0,0.1,0.533820778,0.467852649,38.17659701,6731.618436,0.11773919994645407
25.0,0.5,79.0,55.9,16.0,0.26,0.47973321,0.443962193,35.55511529,5636.308737,0.8944221534230923
25.0,0.5,79.0,55.9,1.0,0.1,0.494199141,0.449871489,36.21076317,5773.625809,0.5851240547504895
25.0,0.5,71.9,50.8,24.0,0.39,0.45682495,0.433081146,34.30007912,4966.779453,0.5919962845777786
25.0,0.5,71.9,50.8,34.0,0.56,0.385503456,0.401275192,30.79561296,3998.054156,0.7981950170261807
25.0,0.5,79.0,55.9,24.0,0.39,0.364564858,0.391617371,29.90851804,3723.523376,1.059381139381814
25.0,0.5,79.0,55.9,34.0,0.56,0.325920891,0.373748945,27.91944764,3276.362058,1.265579871830216
25.0,0.5,64.7,45.8,16.0,0.26,0.510102557,0.453994528,36.49496278,6115.947066,-0.038973175689127726
25.0,0.5,64.7,45.8,1.0,0.1,0.536899811,0.467854471,38.23520379,6747.597792,-0.3482712743617307
25.0,0.5,58.2,41.2,16.0,0.26,0.476364762,0.420400914,33.95797729,5867.997216,-0.4636647678116787
25.0,0.5,58.2,41.2,1.0,0.1,0.46082121,0.405976473,32.68039834,5628.882801,-0.7729628664842818
25.0,0.5,64.7,45.8,24.0,0.39,0.48180056,0.443504,35.39214139,5715.008404,0.12598581026959388
25.0,0.5,64.7,45.8,34.0,0.56,0.470643424,0.437265704,34.70241183,5234.746964,0.3321845427179959
25.0,0.5,58.2,41.2,24.0,0.39,0.442693354,0.398804938,31.85521692,5016.741592,-0.2987057818529572
25.0,0.5,58.2,41.2,34.0,0.56,0.384610827,0.376874346,29.3286186,4167.451239,-0.09250704940455512
25.0,0.5,71.9,50.8,16.0,0.26,0.506260198,0.453119748,36.54784977,6117.4759,0.42703729861905704
25.0,0.5,71.9,50.8,1.0,0.1,0.539747718,0.470852882,38.60776797,6826.208733,0.11773919994645407
25.0,0.5,79.0,55.9,16.0,0.26,0.483805569,0.445308404,35.72248781,5632.459174,0.8944221534230923
25.0,0.5,79.0,55.9,1.0,0.1,0.519184034,0.460180133,37.30376378,6325.266131,0.5851240547504895
25.0,0.5,71.9,50.8,24.0,0.39,0.467156853,0.435851115,34.48550991,5424.123512,0.5919962845777786
25.0,0.5,71.9,50.8,34.0,0.56,0.386657299,0.40030353,30.68558673,4200.973747,0.7981950170261807
25.0,0.5,79.0,55.9,24.0,0.39,0.394441163,0.402728888,31.0382623,4178.772056,1.059381139381814
25.0,0.5,79.0,55.9,34.0,0.56,0.340063353,0.381767872,28.76356526,3519.431306,1.265579871830216
25.0,0.5,64.7,45.8,16.0,0.26,0.50706065,0.450498441,36.04777028,6239.533493,-0.038973175689127726
25.0,0.5,64.7,45.8,1.0,0.1,0.541564813,0.470719039,38.54027918,7071.615319,-0.3482712743617307
25.0,0.5,58.2,41.2,16.0,0.26,0.463039338,0.408171177,32.69048728,5462.133945,-0.4636647678116787
25.0,0.5,58.2,41.2,1.0,0.1,0.473688611,0.416085184,33.60534043,5948.114471,-0.7729628664842818
25.0,0.5,64.7,45.8,24.0,0.39,0.476807761,0.438231396,34.74417997,5429.681612,0.12598581026959388
25.0,0.5,64.7,45.8,34.0,0.56,0.483671436,0.442952601,35.37114225,5381.272664,0.3321845427179959
25.0,0.5,58.2,41.2,24.0,0.39,0.455795758,0.409760795,32.74377319,5395.33158,-0.2987057818529572
25.0,0.5,58.2,41.2,34.0,0.56,0.402838656,0.379342921,29.83315835,4460.914573,-0.09250704940455512
25.0,0.5,71.9,50.8,16.0,0.26,0.502106031,0.451986086,36.3572405,6102.762823,0.42703729861905704
25.0,0.5,71.9,50.8,1.0,0.1,0.511413154,0.454080207,36.54153349,6109.850467,0.11773919994645407
25.0,0.5,79.0,55.9,16.0,0.26,0.467905283,0.437062839,34.69390641,5453.993821,0.8944221534230923
25.0,0.5,79.0,55.9,1.0,0.1,0.492814967,0.446434723,35.61618557,5773.008415,0.5851240547504895
25.0,0.5,71.9,50.8,24.0,0.39,0.447040787,0.425532717,33.3649925,4930.619033,0.5919962845777786
25.0,0.5,71.9,50.8,34.0,0.56,0.372318474,0.394461774,30.13586876,3764.319732,0.7981950170261807
25.0,0.5,79.0,55.9,24.0,0.39,0.363981224,0.388819023,29.52823594,3937.915393,1.059381139381814
25.0,0.5,79.0,55.9,34.0,0.56,0.320564713,0.372338285,27.71977169,3238.028147,1.265579871830216
25.0,0.5,64.7,45.8,16.0,0.26,0.497274998,0.450749828,36.36293728,5964.791108,-0.038973175689127726
25.0,0.5,64.7,45.8,1.0,0.1,0.527189908,0.463020067,37.62977375,6526.988187,-0.3482712743617307
25.0,0.5,58.2,41.2,16.0,0.26,0.459358436,0.41015323,33.07391322,5552.723871,-0.4636647678116787
25.0,0.5,58.2,41.2,1.0,0.1,0.460126356,0.407704613,32.81456057,5575.394471,-0.7729628664842818
25.0,0.5,64.7,45.8,24.0,0.39,0.466297848,0.434276914,34.33876109,5299.661325,0.12598581026959388
25.0,0.5,64.7,45.8,34.0,0.56,0.449877074,0.42727728,33.52074419,4968.601171,0.3321845427179959
25.0,0.5,58.2,41.2,24.0,0.39,0.429000524,0.391211231,31.07883034,4936.01177,-0.2987057818529572
25.0,0.5,58.2,41.2,34.0,0.56,0.370946044,0.364725785,28.23425966,3895.62684,-0.09250704940455512
25.0,0.5,71.9,50.8,16.0,0.26,0.498729997,0.448463132,35.88512085,5767.178357,0.42703729861905704
25.0,0.5,71.9,50.8,1.0,0.1,0.477940817,0.41827206,33.97729329,6015.224564,0.11773919994645407
25.0,0.5,79.0,55.9,16.0,0.26,0.49154744,0.448887241,36.03604274,5912.433762,0.8944221534230923
25.0,0.5,79.0,55.9,1.0,0.1,0.488047919,0.442789316,35.20741312,5637.984297,0.5851240547504895
25.0,0.5,71.9,50.8,24.0,0.39,0.463187081,0.433693695,34.31778045,5018.45303,0.5919962845777786
25.0,0.5,71.9,50.8,34.0,0.56,0.379102775,0.39728943,30.35778147,4162.761559,0.7981950170261807
25.0,0.5,79.0,55.9,24.0,0.39,0.378833119,0.395893563,30.29666322,4278.763209,1.059381139381814
25.0,0.5,79.0,55.9,34.0,0.56,0.340822336,0.379871916,28.43820263,3322.946202,1.265579871830216
25.0,0.5,64.7,45.8,16.0,0.26,0.50476135,0.451905492,36.41565722,6237.206052,-0.038973175689127726
25.0,0.5,64.7,45.8,1.0,0.1,0.532728714,0.466474508,38.0603745,6801.49205,-0.3482712743617307
25.0,0.5,58.2,41.2,16.0,0.26,0.450822025,0.401931944,32.31099546,5336.974729,-0.4636647678116787
25.0,0.5,58.2,41.2,1.0,0.1,0.475118209,0.418867231,34.0430221,5722.576764,-0.7729628664842818
25.0,0.5,64.7,45.8,24.0,0.39,0.47771355,0.439422701,34.87061011,5602.022929,0.12598581026959388
25.0,0.5,64.7,45.8,34.0,0.56,0.473458531,0.437681481,34.72483444,5439.421503,0.3321845427179959
25.0,0.5,58.2,41.2,24.0,0.39,0.426173511,0.388167887,30.79835142,4924.357362,-0.2987057818529572
25.0,0.5,58.2,41.2,34.0,0.56,0.384981338,0.373856466,29.08514833,4112.893488,-0.09250704940455512
25.0,0.5,71.9,50.8,16.0,0.26,0.520180895,0.460264893,37.25789282,6320.961115,0.42703729861905704
25.0,0.5,71.9,50.8,1.0,0.1,0.532303678,0.464892019,37.78237359,6520.897596,0.11773919994645407
25.0,0.5,79.0,55.9,16.0,0.26,0.496598201,0.447853006,35.82485206,5970.681858,0.8944221534230923
25.0,0.5,79.0,55.9,1.0,0.1,0.504435443,0.452484359,36.43078186,6072.83443,0.5851240547504895
25.0,0.5,71.9,50.8,24.0,0.39,0.460205797,0.431122059,33.94201411,5128.163506,0.5919962845777786
25.0,0.5,71.9,50.8,34.0,0.56,0.40294843,0.409260571,31.70230081,4387.741853,0.7981950170261807
25.0,0.5,79.0,55.9,24.0,0.39,0.404225284,0.407940293,31.60733169,4576.100711,1.059381139381814
25.0,0.5,79.0,55.9,34.0,0.56,0.334593591,0.377566465,28.28286806,3244.329258,1.265579871830216
25.0,0.5,64.7,45.8,16.0,0.26,0.518626455,0.460895865,37.45346655,6370.898867,-0.038973175689127726
25.0,0.5,64.7,45.8,1.0,0.1,0.53990422,0.468904437,38.34178123,7293.53617,-0.3482712743617307
25.0,0.5,58.2,41.2,16.0,0.26,0.469150447,0.415270878,33.59602928,5892.160998,-0.4636647678116787
25.0,0.5,58.2,41.2,1.0,0.1,0.461465413,0.405558182,32.60317761,6058.648764,-0.7729628664842818
25.0,0.5,64.7,45.8,24.0,0.39,0.492545864,0.447536765,35.88401108,5503.095831,0.12598581026959388
25.0,0.5,64.7,45.8,34.0,0.56,0.480072982,0.440375173,34.97131513,5496.085062,0.3321845427179959
25.0,0.5,58.2,41.2,24.0,0.39,0.459087683,0.406869398,32.70643359,5663.065794,-0.2987057818529572
25.0,0.5,58.2,41.2,34.0,0.56,0.398218446,0.381184884,29.80390835,4336.100956,-0.09250704940455512
25.0,0.5,71.9,50.8,16.0,0.26,0.494493206,0.445587455,35.56261102,5942.421625,0.42703729861905704
25.0,0.5,71.9,50.8,1.0,0.1,0.521119725,0.457845739,36.94898618,6595.456285,0.11773919994645407
25.0,0.5,79.0,55.9,16.0,0.26,0.474009658,0.439040667,34.89580066,5333.973572,0.8944221534230923
25.0,0.5,79.0,55.9,1.0,0.1,0.498952193,0.448946243,36.01355721,6132.417383,0.5851240547504895
25.0,0.5,71.9,50.8,24.0,0.39,0.442626748,0.424874062,33.28480863,5042.640339,0.5919962845777786
25.0,0.5,71.9,50.8,34.0,0.56,0.386518419,0.399983862,30.65269019,4125.757119,0.7981950170261807
25.0,0.5,79.0,55.9,24.0,0.39,0.36099568,0.388860282,29.55801912,3828.16556,1.059381139381814
25.0,0.5,79.0,55.9,34.0,0.56,0.32833671,0.37718413,28.21340501,3447.082101,1.265579871830216
25.0,0.5,64.7,45.8,16.0,0.26,0.496019026,0.445284233,35.48354994,6292.429621,-0.038973175689127726
25.0,0.5,64.7,45.8,1.0,0.1,0.533393093,0.465952713,37.87016972,6619.846953,-0.3482712743617307
25.0,0.5,58.2,41.2,16.0,0.26,0.458246439,0.405898222,32.59242207,5628.710525,-0.4636647678116787
25.0,0.5,58.2,41.2,1.0,0.1,0.451291733,0.400102144,31.92881551,5781.859649,-0.7729628664842818
25.0,0.5,64.7,45.8,24.0,0.39,0.4693892,0.433737787,34.13758465,5330.062031,0.12598581026959388
25.0,0.5,64.7,45.8,34.0,0.56,0.447115975,0.425331523,33.31178956,4899.118995,0.3321845427179959
25.0,0.5,58.2,41.2,24.0,0.39,0.429580755,0.391524096,31.10161493,4945.794431,-0.2987057818529572
25.0,0.5,58.2,41.2,34.0,0.56,0.38895631,0.376880162,29.28433587,4282.700632,-0.09250704940455512
25.0,0.5,71.9,50.8,16.0,0.26,0.509782413,0.455453173,36.81018683,6202.327017,0.42703729861905704
25.0,0.5,71.9,50.8,1.0,0.1,0.523276949,0.459464772,37.20361319,6306.550622,0.11773919994645407
25.0,0.5,79.0,55.9,16.0,0.26,0.479965751,0.437359742,34.53114233,5514.667479,0.8944221534230923
25.0,0.5,79.0,55.9,1.0,0.1,0.509001253,0.455135389,36.69768447,6079.085257,0.5851240547504895
25.0,0.5,71.9,50.8,24.0,0.39,0.454725217,0.427937649,33.55813441,5046.457343,0.5919962845777786
25.0,0.5,71.9,50.8,34.0,0.56,0.392583006,0.401719969,30.80685608,4232.762305,0.7981950170261807
25.0,0.5,79.0,55.9,24.0,0.39,0.383581787,0.395502524,30.27497178,3948.986911,1.059381139381814
25.0,0.5,79.0,55.9,34.0,0.56,0.343963231,0.381851426,28.79344014,3502.082918,1.265579871830216
25.0,0.5,64.7,45.8,16.0,0.26,0.498218761,0.450786211,36.39193423,6107.382466,-0.038973175689127726
25.0,0.5,64.7,45.8,1.0,0.1,0.5143032,0.454917386,36.6742427,6157.054843,-0.3482712743617307
25.0,0.5,58.2,41.2,16.0,0.26,0.465538066,0.419747673,33.84707944,5556.374604,-0.4636647678116787
25.0,0.5,58.2,41.2,1.0,0.1,0.464824509,0.408038131,32.66436708,5741.314175,-0.7729628664842818
25.0,0.5,64.7,45.8,24.0,0.39,0.484089347,0.442111609,35.27931173,5529.066137,0.12598581026959388
25.0,0.5,64.7,45.8,34.0,0.56,0.468832886,0.436865942,34.62804711,5538.913011,0.3321845427179959
25.0,0.5,58.2,41.2,24.0,0.39,0.439101795,0.398255665,31.86729396,5178.270314,-0.2987057818529572
25.0,0.5,58.2,41.2,34.0,0.56,0.397461189,0.382602075,29.97539813,4323.930991,-0.09250704940455512
25.0,0.5,71.9,50.8,16.0,0.26,0.517993775,0.461801728,37.62889677,6182.750871,0.42703729861905704
25.0,0.5,71.9,50.8,1.0,0.1,0.542163836,0.471828735,38.70569591,7004.015537,0.11773919994645407
25.0,0.5,79.0,55.9,16.0,0.26,0.496270554,0.448256199,35.89837298,5750.881068,0.8944221534230923
25.0,0.5,79.0,55.9,1.0,0.1,0.519208599,0.459101737,37.07093657,6493.472526,0.5851240547504895
25.0,0.5,71.9,50.8,24.0,0.39,0.476126065,0.437922725,34.66515546,5393.564335,0.5919962845777786
25.0,0.5,71.9,50.8,34.0,0.56,0.420206355,0.417915449,32.71791783,4808.609022,0.7981950170261807
25.0,0.5,79.0,55.9,24.0,0.39,0.400444088,0.403128905,31.08154655,4572.126366,1.059381139381814
25.0,0.5,79.0,55.9,34.0,0.56,0.350874635,0.384432592,29.05187144,3511.537898,1.265579871830216
25.0,0.5,64.7,45.8,16.0,0.26,0.506793789,0.45230956,36.43643589,6493.637124,-0.038973175689127726
25.0,0.5,64.7,45.8,1.0,0.1,0.529779854,0.463982188,37.77937909,6880.775896,-0.3482712743617307
25.0,0.5,58.2,41.2,16.0,0.26,0.462996546,0.405525072,32.79766623,5684.143505,-0.4636647678116787
25.0,0.5,58.2,41.2,1.0,0.1,0.452394363,0.401162763,32.02764698,5732.24032,-0.7729628664842818
25.0,0.5,64.7,45.8,24.0,0.39,0.4965362,0.451036893,36.28998253,6135.699979,0.12598581026959388
25.0,0.5,64.7,45.8,34.0,0.56,0.479449351,0.43910209,34.86353984,5720.723161,0.3321845427179959
25.0,0.5,58.2,41.2,24.0,0.39,0.451103585,0.402855862,32.40278346,5455.118908,-0.2987057818529572
25.0,0.5,58.2,41.2,34.0,0.56,0.38581266,0.375406416,29.13659362,4245.285732,-0.09250704940455512
25.0,0.5,71.9,50.8,16.0,0.26,0.490242145,0.443889013,35.43484314,5772.910164,0.42703729861905704
25.0,0.5,71.9,50.8,1.0,0.1,0.523845567,0.460305334,37.27729673,6521.291119,0.11773919994645407
25.0,0.5,79.0,55.9,16.0,0.26,0.476911433,0.438586418,34.77712169,5498.438442,0.8944221534230923
25.0,0.5,79.0,55.9,1.0,0.1,0.502398084,0.453649741,36.60011315,6019.262475,0.5851240547504895
25.0,0.5,71.9,50.8,24.0,0.39,0.454381334,0.42782472,33.55926075,5236.03334,0.5919962845777786
25.0,0.5,71.9,50.8,34.0,0.56,0.395387929,0.403476889,31.06245643,4305.511821,0.7981950170261807
25.0,0.5,79.0,55.9,24.0,0.39,0.386011221,0.397661192,30.5255093,4056.834271,1.059381139381814
25.0,0.5,79.0,55.9,34.0,0.56,0.334220017,0.377888031,28.28409524,3501.179921,1.265579871830216
25.0,0.5,64.7,45.8,16.0,0.26,0.514086408,0.456066643,36.83081961,6397.355689,-0.038973175689127726
25.0,0.5,64.7,45.8,1.0,0.1,0.510668562,0.452680279,36.3863589,6279.338501,-0.3482712743617307
25.0,0.5,58.2,41.2,16.0,0.26,0.458581988,0.408444733,32.78937613,5834.98164,-0.4636647678116787
25.0,0.5,58.2,41.2,1.0,0.1,0.46424992,0.409987805,33.0201908,5902.33288,-0.7729628664842818
25.0,0.5,64.7,45.8,24.0,0.39,0.477641079,0.439395296,34.89511705,5639.445205,0.12598581026959388
25.0,0.5,64.7,45.8,34.0,0.56,0.461575073,0.431142084,34.0390339,5005.329973,0.3321845427179959
25.0,0.5,58.2,41.2,24.0,0.39,0.41985138,0.383219703,30.22351864,4867.94772,-0.2987057818529572
25.0,0.5,58.2,41.2,34.0,0.56,0.408797854,0.389204379,30.73453761,4574.813873,-0.09250704940455512
25.0,0.5,71.9,50.8,16.0,0.26,0.506346175,0.452100321,36.3623002,6190.665974,0.42703729861905704
25.0,0.5,71.9,50.8,1.0,0.1,0.51425307,0.453028369,36.40698205,6254.655109,0.11773919994645407
25.0,0.5,79.0,55.9,16.0,0.26,0.488876344,0.445474763,35.59821657,5696.026057,0.8944221534230923
25.0,0.5,79.0,55.9,1.0,0.1,0.507115625,0.451012573,36.14878201,6315.233209,0.5851240547504895
25.0,0.5,71.9,50.8,24.0,0.39,0.460510431,0.430077888,33.85831713,5492.81699,0.5919962845777786
25.0,0.5,71.9,50.8,34.0,0.56,0.39936701,0.406618165,31.38338142,4320.874157,0.7981950170261807
25.0,0.5,79.0,55.9,24.0,0.39,0.407072571,0.409248903,31.78225878,4587.385566,1.059381139381814
25.0,0.5,79.0,55.9,34.0,0.56,0.354086468,0.388135964,29.37301155,3712.997856,1.265579871830216
25.0,0.5,64.7,45.8,16.0,0.26,0.508296527,0.45370258,36.57388769,6301.034422,-0.038973175689127726
25.0,0.5,64.7,45.8,1.0,0.1,0.532482559,0.465680233,37.90850822,6752.016952,-0.3482712743617307
25.0,0.5,58.2,41.2,16.0,0.26,0.444479717,0.395435754,31.64262219,5388.50369,-0.4636647678116787
25.0,0.5,58.2,41.2,1.0,0.1,0.470593127,0.411220309,33.16394425,5931.752803,-0.7729628664842818
25.0,0.5,64.7,45.8,24.0,0.39,0.49368953,0.447157374,35.80706195,5837.215029,0.12598581026959388
25.0,0.5,64.7,45.8,34.0,0.56,0.468192461,0.435692713,34.5553911,5154.975914,0.3321845427179959
25.0,0.5,58.2,41.2,24.0,0.39,0.466109593,0.414753539,33.28905228,5932.239093,-0.2987057818529572
25.0,0.5,58.2,41.2,34.0,0.56,0.390657895,0.37863215,29.46743356,4163.823044,-0.09250704940455512
25.0,0.5,71.9,50.8,16.0,0.26,0.517170184,0.456752669,36.82658691,6155.896087,0.42703729861905704
25.0,0.5,71.9,50.8,1.0,0.1,0.539252868,0.469978321,38.48035199,6994.248011,0.11773919994645407
25.0,0.5,79.0,55.9,16.0,0.26,0.492809568,0.444139023,35.34533175,5649.03716,0.8944221534230923
25.0,0.5,79.0,55.9,1.0,0.1,0.52380127,0.463058596,37.69400303,6515.261449,0.5851240547504895
25.0,0.5,71.9,50.8,24.0,0.39,0.469631675,0.434132503,34.2751629,5498.583951,0.5919962845777786
25.0,0.5,71.9,50.8,34.0,0.56,0.421629852,0.414272565,32.15868546,4584.453554,0.7981950170261807
25.0,0.5,79.0,55.9,24.0,0.39,0.403217329,0.404869033,31.23191007,4218.327986,1.059381139381814
25.0,0.5,79.0,55.9,34.0,0.56,0.362183686,0.388821721,29.37060684,3680.560247,1.265579871830216
25.0,0.5,64.7,45.8,16.0,0.26,0.509158377,0.450886886,36.13019216,6236.707106,-0.038973175689127726
25.0,0.5,64.7,45.8,1.0,0.1,0.53255682,0.467558508,38.1617313,7005.038599,-0.3482712743617307
25.0,0.5,58.2,41.2,16.0,0.26,0.464972316,0.413380913,33.34012862,6013.407593,-0.4636647678116787
25.0,0.5,58.2,41.2,1.0,0.1,0.478000734,0.41951938,34.20555034,6260.473628,-0.7729628664842818
25.0,0.5,64.7,45.8,24.0,0.39,0.490016595,0.445717779,35.64822051,5830.89362,0.12598581026959388
25.0,0.5,64.7,45.8,34.0,0.56,0.485548321,0.440675594,35.02172542,5531.351743,0.3321845427179959
25.0,0.5,58.2,41.2,24.0,0.39,0.452690306,0.401506621,32.27459053,5495.365345,-0.2987057818529572
25.0,0.5,58.2,41.2,34.0,0.56,0.41545835,0.392836179,31.10253472,4865.399969,-0.09250704940455512
25.0,0.5,71.9,50.8,16.0,0.26,0.525063322,0.461903766,37.52274536,6235.452776,0.42703729861905704
25.0,0.5,71.9,50.8,1.0,0.1,0.551264467,0.478135139,39.4849869,6821.808099,0.11773919994645407
25.0,0.5,79.0,55.9,16.0,0.26,0.52332906,0.463275619,37.72210168,6328.893321,0.8944221534230923
25.0,0.5,79.0,55.9,1.0,0.1,0.53513718,0.469892556,38.52587501,6528.79888,0.5851240547504895
25.0,0.5,71.9,50.8,24.0,0.39,0.482854142,0.445484498,35.70587779,5428.106015,0.5919962845777786
25.0,0.5,71.9,50.8,34.0,0.56,0.421448998,0.414830175,32.16492155,4558.980717,0.7981950170261807
25.0,0.5,79.0,55.9,24.0,0.39,0.391627198,0.402226397,31.02327724,4062.739528,1.059381139381814
25.0,0.5,79.0,55.9,34.0,0.56,0.358261487,0.388145286,29.38856018,3396.729889,1.265579871830216
25.0,0.5,64.7,45.8,16.0,0.26,0.534251703,0.467723959,38.19630554,6503.272041,-0.038973175689127726
25.0,0.5,64.7,45.8,1.0,0.1,0.559215109,0.479010781,39.47518677,7085.063077,-0.3482712743617307
25.0,0.5,58.2,41.2,16.0,0.26,0.492994856,0.427177542,34.94019505,5791.456731,-0.4636647678116787
25.0,0.5,58.2,41.2,1.0,0.1,0.507541905,0.43494618,35.93380223,6251.611839,-0.7729628664842818
25.0,0.5,64.7,45.8,24.0,0.39,0.521414646,0.462795445,37.71251297,6409.140005,0.12598581026959388
25.0,0.5,64.7,45.8,34.0,0.56,0.504169517,0.453131061,36.43071573,5794.891846,0.3321845427179959
25.0,0.5,58.2,41.2,24.0,0.39,0.470881648,0.413625114,33.87425241,5569.139254,-0.2987057818529572
25.0,0.5,58.2,41.2,34.0,0.56,0.434666745,0.401067837,31.93547883,4858.240729,-0.09250704940455512
25.0,0.5,71.9,50.8,16.0,0.26,0.542831206,0.471592749,38.72243878,6575.592668,0.42703729861905704
25.0,0.5,71.9,50.8,1.0,0.1,0.564904359,0.486003684,40.41794736,6998.378752,0.11773919994645407
25.0,0.5,79.0,55.9,16.0,0.26,0.51884433,0.461179325,37.405241,6226.285142,0.8944221534230923
25.0,0.5,79.0,55.9,1.0,0.1,0.538550337,0.473993739,39.09961353,6643.901898,0.5851240547504895
25.0,0.5,71.9,50.8,24.0,0.39,0.498058212,0.453507667,36.68258785,5946.158422,0.5919962845777786
25.0,0.5,71.9,50.8,34.0,0.56,0.434546355,0.424380104,33.43397592,4696.443943,0.7981950170261807
25.0,0.5,79.0,55.9,24.0,0.39,0.41016336,0.410575532,31.79765098,4560.22361,1.059381139381814
25.0,0.5,79.0,55.9,34.0,0.56,0.378917495,0.399556226,30.68026439,3983.097848,1.265579871830216
25.0,0.5,64.7,45.8,16.0,0.26,0.542170237,0.471161461,38.69800786,6992.823141,-0.038973175689127726
25.0,0.5,64.7,45.8,1.0,0.1,0.568853507,0.485912698,40.35118636,7536.096872,-0.3482712743617307
25.0,0.5,58.2,41.2,16.0,0.26,0.499992838,0.431448682,35.55891105,6491.223531,-0.4636647678116787
25.0,0.5,58.2,41.2,1.0,0.1,0.502785174,0.430113965,35.52053432,6702.780378,-0.7729628664842818
25.0,0.5,64.7,45.8,24.0,0.39,0.520587192,0.46326367,37.74750888,6263.807879,0.12598581026959388
25.0,0.5,64.7,45.8,34.0,0.56,0.515012624,0.459420676,37.21402074,5966.711278,0.3321845427179959
25.0,0.5,58.2,41.2,24.0,0.39,0.478469338,0.421839609,34.26003436,5695.564416,-0.2987057818529572
25.0,0.5,58.2,41.2,34.0,0.56,0.430443779,0.402182926,32.09005649,4737.639245,-0.09250704940455512
25.0,0.5,71.9,50.8,16.0,0.26,0.546003143,0.475965002,39.18675925,6580.396963,0.42703729861905704
25.0,0.5,71.9,50.8,1.0,0.1,0.571708025,0.491813116,41.21921269,7628.6476,0.11773919994645407
25.0,0.5,79.0,55.9,16.0,0.26,0.531583632,0.465366894,37.90930402,6465.372048,0.8944221534230923
25.0,0.5,79.0,55.9,1.0,0.1,0.552071106,0.476382696,39.23039094,6903.873395,0.5851240547504895
25.0,0.5,71.9,50.8,24.0,0.39,0.511522719,0.460322355,37.44044874,6020.87569,0.5919962845777786
25.0,0.5,71.9,50.8,34.0,0.56,0.446141264,0.426437069,33.44212024,5004.154338,0.7981950170261807
25.0,0.5,79.0,55.9,24.0,0.39,0.437424398,0.423861178,33.3532206,4913.222919,1.059381139381814
25.0,0.5,79.0,55.9,34.0,0.56,0.390063566,0.402362581,30.87322424,4010.552148,1.265579871830216
25.0,0.5,64.7,45.8,16.0,0.26,0.548367299,0.47767525,39.46756134,6958.174787,-0.038973175689127726
25.0,0.5,64.7,45.8,1.0,0.1,0.576561833,0.490467439,40.84711944,7804.627951,-0.3482712743617307
25.0,0.5,58.2,41.2,16.0,0.26,0.499125312,0.430330293,35.22201111,6493.258285,-0.4636647678116787
25.0,0.5,58.2,41.2,1.0,0.1,0.495987728,0.424657113,35.16668937,6449.041569,-0.7729628664842818
25.0,0.5,64.7,45.8,24.0,0.39,0.524563481,0.463821541,37.75813832,6327.008075,0.12598581026959388
25.0,0.5,64.7,45.8,34.0,0.56,0.51175153,0.459224426,37.29886067,5919.430755,0.3321845427179959
25.0,0.5,58.2,41.2,24.0,0.39,0.48638367,0.423927032,34.87598919,6060.641491,-0.2987057818529572
25.0,0.5,58.2,41.2,34.0,0.56,0.425634435,0.392668897,31.13021301,4789.596969,-0.09250704940455512
25.0,0.5,71.9,50.8,16.0,0.26,0.524635459,0.464066853,37.78638255,6412.473451,0.42703729861905704
25.0,0.5,71.9,50.8,1.0,0.1,0.558537787,0.480847944,39.8226933,7117.950381,0.11773919994645407
25.0,0.5,79.0,55.9,16.0,0.26,0.520756415,0.460795368,37.38218685,6274.934837,0.8944221534230923
25.0,0.5,79.0,55.9,1.0,0.1,0.525947983,0.46389552,37.72398079,6422.922094,0.5851240547504895
25.0,0.5,71.9,50.8,24.0,0.39,0.489635345,0.445497348,35.6026819,5645.146626,0.5919962845777786
25.0,0.5,71.9,50.8,34.0,0.56,0.422547698,0.416785571,32.5057415,4493.644089,0.7981950170261807
25.0,0.5,79.0,55.9,24.0,0.39,0.410849197,0.409862936,31.86773783,4489.22384,1.059381139381814
25.0,0.5,79.0,55.9,34.0,0.56,0.37680364,0.39617025,30.15219795,3748.465467,1.265579871830216
25.0,0.5,64.7,45.8,16.0,0.26,0.53427161,0.464165541,37.70659201,6608.041629,-0.038973175689127726
25.0,0.5,64.7,45.8,1.0,0.1,0.566355374,0.483787993,39.98873363,7565.211237,-0.3482712743617307
25.0,0.5,58.2,41.2,16.0,0.26,0.487117428,0.423053154,34.5252582,5911.49359,-0.4636647678116787
25.0,0.5,58.2,41.2,1.0,0.1,0.500207249,0.431267232,35.31400484,6543.971817,-0.7729628664842818
25.0,0.5,64.7,45.8,24.0,0.39,0.508275418,0.455880077,36.80735327,5916.862241,0.12598581026959388
25.0,0.5,64.7,45.8,34.0,0.56,0.493693466,0.447597174,35.84349356,5597.022161,0.3321845427179959
25.0,0.5,58.2,41.2,24.0,0.39,0.479826829,0.424609234,34.83881461,5739.680287,-0.2987057818529572
25.0,0.5,58.2,41.2,34.0,0.56,0.42213693,0.394711432,31.11988062,4641.001514,-0.09250704940455512
25.0,0.5,71.9,50.8,16.0,0.26,0.553663086,0.478760617,39.50571347,6948.2288,0.42703729861905704
25.0,0.5,71.9,50.8,1.0,0.1,0.566413581,0.486368192,40.45342047,7236.090253,0.11773919994645407
25.0,0.5,79.0,55.9,16.0,0.26,0.527591617,0.464639165,37.78228845,6327.477365,0.8944221534230923
25.0,0.5,79.0,55.9,1.0,0.1,0.562619298,0.485752533,40.40291611,7071.833949,0.5851240547504895
25.0,0.5,71.9,50.8,24.0,0.39,0.502979625,0.450692194,36.16966007,5755.700162,0.5919962845777786
25.0,0.5,71.9,50.8,34.0,0.56,0.440473059,0.427430828,33.749712,4926.279024,0.7981950170261807
25.0,0.5,79.0,55.9,24.0,0.39,0.425493214,0.418732102,32.85641894,4575.769909,1.059381139381814
25.0,0.5,79.0,55.9,34.0,0.56,0.395911623,0.408088064,31.67018669,4201.435956,1.265579871830216
25.0,0.5,64.7,45.8,16.0,0.26,0.550864261,0.476928353,39.33656697,6909.429998,-0.038973175689127726
25.0,0.5,64.7,45.8,1.0,0.1,0.551234401,0.477126551,39.33251373,6842.760562,-0.3482712743617307
25.0,0.5,58.2,41.2,16.0,0.26,0.477123825,0.416309732,33.99420814,5865.384715,-0.4636647678116787
25.0,0.5,58.2,41.2,1.0,0.1,0.496618271,0.424803532,34.76957798,6467.654764,-0.7729628664842818
25.0,0.5,64.7,45.8,24.0,0.39,0.526501878,0.463561831,37.67361372,6591.781181,0.12598581026959388
25.0,0.5,64.7,45.8,34.0,0.56,0.508104246,0.456826317,37.02918026,6150.842053,0.3321845427179959
25.0,0.5,58.2,41.2,24.0,0.39,0.476202171,0.419215723,34.09291711,5544.621725,-0.2987057818529572
25.0,0.5,58.2,41.2,34.0,0.56,0.427020997,0.393418576,31.37824094,4644.601168,-0.09250704940455512
25.0,0.5,71.9,50.8,16.0,0.26,0.548124898,0.475847288,39.18303615,6754.448935,0.42703729861905704
25.0,0.5,71.9,50.8,1.0,0.1,0.565324698,0.482227496,39.82088488,7423.469876,0.11773919994645407
25.0,0.5,79.0,55.9,16.0,0.26,0.53434503,0.468896154,38.34358882,6347.560759,0.8944221534230923
25.0,0.5,79.0,55.9,1.0,0.1,0.560445243,0.483702858,40.12609155,7415.894412,0.5851240547504895
25.0,0.5,71.9,50.8,24.0,0.39,0.512307598,0.457772938,37.12143292,6097.442847,0.5919962845777786
25.0,0.5,71.9,50.8,34.0,0.56,0.450102564,0.428771298,33.76469664,5033.685563,0.7981950170261807
25.0,0.5,79.0,55.9,24.0,0.39,0.436893878,0.423246366,33.3406292,5009.962222,1.059381139381814
25.0,0.5,79.0,55.9,34.0,0.56,0.387861179,0.400831119,30.74970088,3901.989548,1.265579871830216
25.0,0.5,64.7,45.8,16.0,0.26,0.546259537,0.473088807,38.82636429,6919.34518,-0.038973175689127726
25.0,0.5,64.7,45.8,1.0,0.1,0.569329938,0.486931048,40.50451387,7771.010274,-0.3482712743617307
25.0,0.5,58.2,41.2,16.0,0.26,0.498715892,0.431072001,35.18441169,6034.642135,-0.4636647678116787
25.0,0.5,58.2,41.2,1.0,0.1,0.498696418,0.432754792,35.40935334,6189.779795,-0.7729628664842818
25.0,0.5,64.7,45.8,24.0,0.39,0.528899809,0.465807165,37.9611224,6515.305873,0.12598581026959388
25.0,0.5,64.7,45.8,34.0,0.56,0.513772901,0.45807618,37.08458041,5862.805454,0.3321845427179959
25.0,0.5,58.2,41.2,24.0,0.39,0.489723491,0.426371416,34.97653895,5945.89951,-0.2987057818529572
25.0,0.5,58.2,41.2,34.0,0.56,0.449875425,0.413096652,33.23980604,5330.631336,-0.09250704940455512
25.0,0.5,71.9,50.8,16.0,0.26,0.545028739,0.473660277,38.94515185,6707.592585,0.42703729861905704
25.0,0.5,71.9,50.8,1.0,0.1,0.55599359,0.477181542,39.23411184,7007.66825,0.11773919994645407
25.0,0.5,79.0,55.9,16.0,0.26,0.529162599,0.466670798,38.15150253,6594.044595,0.8944221534230923
25.0,0.5,79.0,55.9,1.0,0.1,0.543722877,0.474952374,39.15823782,6687.259259,0.5851240547504895
25.0,0.5,71.9,50.8,24.0,0.39,0.485336051,0.444703745,35.55753695,5605.221001,0.5919962845777786
25.0,0.5,71.9,50.8,34.0,0.56,0.423038771,0.416537797,32.41723682,4710.858646,0.7981950170261807
25.0,0.5,79.0,55.9,24.0,0.39,0.410253857,0.408851197,31.6656798,4418.44126,1.059381139381814
25.0,0.5,79.0,55.9,34.0,0.56,0.363726236,0.391441876,29.73999168,3631.905444,1.265579871830216
25.0,0.5,64.7,45.8,16.0,0.26,0.538604193,0.468763134,38.3177098,6663.000678,-0.038973175689127726
25.0,0.5,64.7,45.8,1.0,0.1,0.558394035,0.478666426,39.44864975,7184.013843,-0.3482712743617307
25.0,0.5,58.2,41.2,16.0,0.26,0.494677622,0.429702536,34.78488765,6292.960756,-0.4636647678116787
25.0,0.5,58.2,41.2,1.0,0.1,0.502842336,0.430368732,35.18597077,6374.444297,-0.7729628664842818
25.0,0.5,64.7,45.8,24.0,0.39,0.5138891,0.458966196,37.20955415,6180.951419,0.12598581026959388
25.0,0.5,64.7,45.8,34.0,0.56,0.496826261,0.447095519,35.75622341,5700.243243,0.3321845427179959
20.0,0.0,71.9,50.8,3.77,0.06,0.380852104,0.39604355,30.05252128,3923.906282,-0.7481225520965168
20.0,0.0,71.9,50.8,3.77,0.06,0.492759727,0.443519907,35.31195693,5718.408168,-0.7481225520965168
20.0,0.25,71.9,50.8,3.77,0.06,0.508675267,0.336240383,24.60174115,4936.36477,-0.2866331516309277
20.0,0.25,71.9,50.8,3.77,0.06,0.559628479,0.364936839,27.10639138,6131.30938,-0.2866331516309277
20.0,0.25,71.9,50.8,3.77,0.06,0.539255853,0.382996774,28.88711983,5686.121958,-0.2866331516309277
20.0,0.537,71.9,50.8,3.77,0.06,0.408178454,0.403204844,30.90686128,4225.961314,0.24315668010356864
20.0,0.25,71.9,50.8,3.77,0.06,0.55788532,0.377596581,28.55641695,6276.410544,-0.2866331516309277
20.0,0.0,71.9,50.8,3.77,0.06,0.192731658,0.445339632,36.04777028,1637.704022,-0.7481225520965168
20.0,0.0,71.9,50.8,3.77,0.06,0.599984054,0.52979144,46.58510536,7575.801245,-0.7481225520965168
20.0,0.0,71.9,50.8,3.77,0.06,0.249334678,0.445339632,36.04777028,2605.696759,-0.7481225520965168
20.0,0.0,71.9,50.8,3.77,0.06,0.361519212,0.389814772,29.55949395,4254.825135,-0.7481225520965168
20.0,0.0,71.9,50.8,3.77,0.06,0.497503209,0.453338519,36.63337572,5449.421199,-0.7481225520965168
20.0,0.0,71.9,50.8,3.77,0.06,0.33592747,0.377011619,28.13589892,3471.192143,-0.7481225520965168
10.0,0.537,71.9,50.8,3.77,0.06,0.486814739,0.42801212,33.44747085,5333.873335,0.24315668010356864
40.0,0.537,71.9,50.8,3.77,0.06,0.342841074,0.377915162,28.46200492,3373.436842,0.24315668010356864
20.0,0.537,71.9,50.8,24.0,0.39,0.404617089,0.40166998,30.74824045,4203.027624,0.6602967158466859
20.0,0.537,65.6,45.3,3.77,0.06,0.401537849,0.399935482,30.58216104,4166.299735,-0.21669974751942267
20.0,0.537,65.6,45.3,24.0,0.39,0.384646205,0.392302807,29.74258268,3943.131681,0.20044028822369458
