clonesize,honeybee,RainingDays,AverageRainingDays,yield,CEII_binned
37.5,0.75,16.0,0.26,3813.165795,4.0
37.5,0.75,1.0,0.1,4947.605663,3.0
37.5,0.75,16.0,0.26,3866.798965,5.0
37.5,0.75,1.0,0.1,4303.94303,4.0
37.5,0.75,24.0,0.39,3436.493543,4.0
37.5,0.75,34.0,0.56,2825.003738,4.0
37.5,0.75,24.0,0.39,2625.269164,5.0
37.5,0.75,34.0,0.56,2379.905214,5.0
37.5,0.75,16.0,0.26,4234.868585,3.0
37.5,0.75,1.0,0.1,5356.871861,2.0
37.5,0.75,16.0,0.26,4057.555205,2.0
37.5,0.25,16.0,0.26,3941.255122,2.0
37.5,0.25,1.0,0.1,4768.594369,1.0
37.5,0.25,16.0,0.26,3720.711588,3.0
37.5,0.25,1.0,0.1,3900.344042,2.0
37.5,0.25,24.0,0.39,3387.785165,2.0
37.5,0.25,34.0,0.56,2688.028831,3.0
37.5,0.25,24.0,0.39,2508.375673,3.0
37.5,0.25,34.0,0.56,1945.530615,4.0
37.5,0.25,16.0,0.26,4310.625398,1.0
37.5,0.25,1.0,0.1,4830.959809,0.0
37.5,0.25,16.0,0.26,3911.422247,0.0
37.5,0.25,1.0,0.1,4051.551293,0.0
37.5,0.25,24.0,0.39,3837.512961,1.0
37.5,0.25,34.0,0.56,3269.271761,2.0
25.0,0.25,16.0,0.26,4503.161856,2.0
25.0,0.25,1.0,0.1,5126.993178,1.0
25.0,0.25,16.0,0.26,4248.355054,3.0
25.0,0.25,1.0,0.1,4476.811464,2.0
25.0,0.25,24.0,0.39,3662.183125,2.0
25.0,0.25,34.0,0.56,2988.05944,3.0
25.0,0.25,24.0,0.39,3049.260316,3.0
25.0,0.25,34.0,0.56,2384.728916,4.0
25.0,0.25,16.0,0.26,4898.835857,1.0
25.0,0.25,1.0,0.1,5831.7066,0.0
25.0,0.25,16.0,0.26,4334.841218,0.0
25.0,0.25,1.0,0.1,5246.521458,0.0
25.0,0.25,24.0,0.39,4356.945873,1.0
25.0,0.25,34.0,0.56,3822.981667,2.0
25.0,0.25,34.0,0.56,3182.698648,1.0
25.0,0.25,16.0,0.26,4870.625368,2.0
25.0,0.25,1.0,0.1,5739.924933,1.0
25.0,0.25,16.0,0.26,4546.786741,3.0
25.0,0.25,1.0,0.1,5360.873908,2.0
25.0,0.25,24.0,0.39,4045.479657,2.0
25.0,0.25,34.0,0.56,3385.364224,3.0
25.0,0.25,24.0,0.39,3385.148001,3.0
25.0,0.25,34.0,0.56,2452.680747,4.0
25.0,0.25,16.0,0.26,5221.357411,1.0
25.0,0.25,1.0,0.1,6318.708722,0.0
25.0,0.25,16.0,0.26,4705.626533,0.0
12.5,0.25,16.0,0.26,5996.078548,2.0
12.5,0.25,1.0,0.1,6691.043218,1.0
12.5,0.25,16.0,0.26,5501.878077,3.0
12.5,0.25,1.0,0.1,6010.760082,2.0
12.5,0.25,24.0,0.39,4999.156215,2.0
12.5,0.25,34.0,0.56,3968.330182,3.0
12.5,0.25,24.0,0.39,3784.119353,3.0
12.5,0.25,34.0,0.56,3139.432546,4.0
12.5,0.25,16.0,0.26,6125.695384,1.0
12.5,0.25,1.0,0.1,7041.380179,0.0
12.5,0.25,16.0,0.26,5876.960007,0.0
12.5,0.25,1.0,0.1,6244.195761,0.0
12.5,0.25,24.0,0.39,5556.372277,1.0
12.5,0.25,34.0,0.56,5086.609905,2.0
12.5,0.25,24.0,0.39,5482.081299,0.0
12.5,0.25,34.0,0.56,4247.508926,1.0
12.5,0.25,16.0,0.26,6578.235221,2.0
12.5,0.25,1.0,0.1,7267.28344,1.0
12.5,0.25,16.0,0.26,5746.777027,3.0
12.5,0.25,1.0,0.1,6564.958302,2.0
12.5,0.25,24.0,0.39,5347.718939,2.0
12.5,0.25,34.0,0.56,4350.42467,3.0
12.5,0.25,24.0,0.39,4177.015203,3.0
12.5,0.25,34.0,0.56,3496.352359,4.0
12.5,0.25,16.0,0.26,7016.89385,1.0
12.5,0.25,1.0,0.1,7570.48492,0.0
12.5,0.25,16.0,0.26,6198.064956,0.0
12.5,0.25,1.0,0.1,6801.323934,0.0
12.5,0.25,24.0,0.39,6030.980735,1.0
12.5,0.25,34.0,0.56,5728.748277,2.0
12.5,0.25,24.0,0.39,5647.712261,0.0
12.5,0.25,34.0,0.56,4667.724945,1.0
12.5,0.25,16.0,0.26,6986.809961,2.0
12.5,0.25,1.0,0.1,7660.886044,1.0
12.5,0.25,16.0,0.26,6626.506846,3.0
12.5,0.25,1.0,0.1,7122.490558,2.0
12.5,0.25,24.0,0.39,5852.874202,2.0
12.5,0.25,34.0,0.56,4684.893205,3.0
12.5,0.25,24.0,0.39,4590.823341,3.0
12.5,0.25,34.0,0.56,3708.205024,4.0
12.5,0.25,16.0,0.26,7022.189731,1.0
12.5,0.25,1.0,0.1,7825.874922,0.0
12.5,0.25,16.0,0.26,6394.077909,0.0
12.5,0.25,1.0,0.1,7152.132587,0.0
12.5,0.25,24.0,0.39,6475.894556,1.0
12.5,0.25,34.0,0.56,6093.315271,2.0
12.5,0.25,24.0,0.39,6254.829217,0.0
12.5,0.25,34.0,0.56,4868.211449,1.0
12.5,0.25,16.0,0.26,7451.725625,2.0
12.5,0.25,1.0,0.1,8263.289742,1.0
12.5,0.25,16.0,0.26,6960.107506,3.0
12.5,0.25,1.0,0.1,7301.106216,2.0
12.5,0.25,24.0,0.39,6443.256903,2.0
12.5,0.25,34.0,0.56,5150.942889,3.0
12.5,0.25,24.0,0.39,4853.807603,3.0
12.5,0.25,34.0,0.56,4068.350665,4.0
12.5,0.25,16.0,0.26,7502.24389,1.0
12.5,0.25,1.0,0.1,8174.463377,0.0
12.5,0.25,16.0,0.26,6898.390949,0.0
12.5,0.25,1.0,0.1,6870.342118,0.0
12.5,0.25,24.0,0.39,6808.263611,1.0
12.5,0.25,34.0,0.56,6400.022213,2.0
12.5,0.25,24.0,0.39,6480.80815,0.0
12.5,0.25,34.0,0.56,5063.851086,1.0
12.5,0.25,16.0,0.26,7924.516776,2.0
12.5,0.25,1.0,0.1,8247.521164,1.0
12.5,0.25,16.0,0.26,7230.132504,3.0
12.5,0.25,1.0,0.1,7945.187841,2.0
12.5,0.25,24.0,0.39,6673.303998,2.0
12.5,0.25,34.0,0.56,5217.139763,3.0
12.5,0.25,24.0,0.39,4905.498714,3.0
12.5,0.25,34.0,0.56,4357.822918,4.0
12.5,0.25,16.0,0.26,7829.514,1.0
12.5,0.25,1.0,0.1,8621.81568,0.0
12.5,0.25,16.0,0.26,6922.846792,0.0
12.5,0.25,1.0,0.1,7215.409709,0.0
12.5,0.25,24.0,0.39,7322.609141,1.0
12.5,0.25,34.0,0.56,7044.567605,2.0
12.5,0.25,24.0,0.39,6615.690061,0.0
12.5,0.25,34.0,0.56,5377.270863,1.0
12.5,0.25,16.0,0.26,6026.063649,2.0
12.5,0.25,1.0,0.1,6752.177036,1.0
12.5,0.25,16.0,0.26,5643.360448,3.0
12.5,0.25,1.0,0.1,6277.168674,2.0
12.5,0.25,24.0,0.39,5085.844733,2.0
12.5,0.25,34.0,0.56,4079.912436,3.0
12.5,0.25,24.0,0.39,4016.361596,3.0
12.5,0.25,34.0,0.56,3049.397713,4.0
12.5,0.25,16.0,0.26,6529.982317,1.0
12.5,0.25,1.0,0.1,7181.425216,0.0
12.5,0.25,16.0,0.26,5914.16491,0.0
12.5,0.25,1.0,0.1,6569.249674,0.0
12.5,0.25,24.0,0.39,5864.128447,1.0
12.5,0.25,34.0,0.56,5402.484081,2.0
12.5,0.25,24.0,0.39,5674.028523,0.0
12.5,0.25,34.0,0.56,4340.82151,1.0
12.5,0.25,16.0,0.26,6683.200614,2.0
12.5,0.25,1.0,0.1,7411.174571,1.0
12.5,0.25,16.0,0.26,5934.010884,3.0
12.5,0.25,1.0,0.1,6795.881873,2.0
12.5,0.25,24.0,0.39,5534.804936,2.0
12.5,0.25,34.0,0.56,4673.380523,3.0
12.5,0.25,24.0,0.39,4228.818878,3.0
12.5,0.25,34.0,0.56,3494.942958,4.0
12.5,0.25,16.0,0.26,7024.748359,1.0
12.5,0.25,1.0,0.1,7669.811819,0.0
12.5,0.25,16.0,0.26,6376.662565,0.0
12.5,0.25,1.0,0.1,6746.454602,0.0
12.5,0.25,24.0,0.39,6299.226358,1.0
12.5,0.25,34.0,0.56,5817.185275,2.0
12.5,0.25,24.0,0.39,5741.210297,0.0
12.5,0.25,34.0,0.56,4802.604302,1.0
12.5,0.25,16.0,0.26,7198.422854,2.0
12.5,0.25,1.0,0.1,7765.256323,1.0
12.5,0.25,16.0,0.26,6281.91711,3.0
12.5,0.25,1.0,0.1,6822.971627,2.0
12.5,0.25,24.0,0.39,6098.113172,2.0
12.5,0.25,34.0,0.56,4850.037463,3.0
12.5,0.25,24.0,0.39,4769.318273,3.0
12.5,0.25,34.0,0.56,3826.172262,4.0
12.5,0.25,16.0,0.26,7235.775645,1.0
12.5,0.25,1.0,0.1,7935.094765,0.0
12.5,0.25,16.0,0.26,6574.182468,0.0
12.5,0.25,1.0,0.1,7130.830014,0.0
12.5,0.25,24.0,0.39,6628.76363,1.0
12.5,0.25,34.0,0.56,6331.867217,2.0
12.5,0.25,24.0,0.39,6132.997934,0.0
12.5,0.25,34.0,0.56,4888.503031,1.0
12.5,0.25,16.0,0.26,7556.109909,2.0
12.5,0.25,1.0,0.1,8064.73881,1.0
12.5,0.25,16.0,0.26,7107.609758,3.0
12.5,0.25,1.0,0.1,7637.633381,2.0
12.5,0.25,24.0,0.39,6524.295322,2.0
12.5,0.25,34.0,0.56,5347.513929,3.0
12.5,0.25,24.0,0.39,5199.534037,3.0
12.5,0.25,34.0,0.56,4179.185917,4.0
12.5,0.25,16.0,0.26,7548.34706,1.0
12.5,0.25,1.0,0.1,8175.456195,0.0
12.5,0.25,16.0,0.26,6836.397281,0.0
12.5,0.25,1.0,0.1,7013.002812,0.0
12.5,0.25,24.0,0.39,6836.600814,1.0
12.5,0.25,34.0,0.56,6540.105445,2.0
12.5,0.25,24.0,0.39,6188.477141,0.0
12.5,0.25,34.0,0.56,5200.578495,1.0
12.5,0.25,16.0,0.26,7715.810883,2.0
12.5,0.25,1.0,0.1,8357.067222,1.0
12.5,0.25,16.0,0.26,7399.875886,3.0
12.5,0.25,1.0,0.1,7517.440772,2.0
12.5,0.25,24.0,0.39,6717.446272,2.0
12.5,0.25,34.0,0.56,5601.205307,3.0
12.5,0.25,24.0,0.39,5225.163069,3.0
12.5,0.25,34.0,0.56,4393.527431,4.0
12.5,0.25,16.0,0.26,7907.240674,1.0
12.5,0.25,1.0,0.1,8212.792891,0.0
12.5,0.25,16.0,0.26,6846.006857,0.0
12.5,0.25,1.0,0.1,7028.673498,0.0
12.5,0.25,24.0,0.39,7400.775379,1.0
12.5,0.25,34.0,0.56,7048.870716,2.0
12.5,0.25,24.0,0.39,6779.981658,0.0
12.5,0.25,34.0,0.56,5548.122012,1.0
12.5,0.25,16.0,0.26,7380.633803,2.0
12.5,0.25,1.0,0.1,7793.442058,1.0
12.5,0.25,16.0,0.26,7161.961901,3.0
12.5,0.25,1.0,0.1,7243.226111,2.0
12.5,0.25,24.0,0.39,6368.849821,2.0
12.5,0.25,34.0,0.56,4975.885376,3.0
12.5,0.25,24.0,0.39,4700.576149,3.0
12.5,0.25,34.0,0.56,3804.610168,4.0
12.5,0.25,16.0,0.26,7159.336664,1.0
12.5,0.25,1.0,0.1,7933.302352,0.0
12.5,0.25,16.0,0.26,6539.11085,0.0
12.5,0.25,1.0,0.1,6696.23571,0.0
12.5,0.25,24.0,0.39,6638.656487,1.0
12.5,0.25,34.0,0.56,6361.489513,2.0
12.5,0.25,24.0,0.39,6320.238926,0.0
12.5,0.25,34.0,0.56,4952.9856,1.0
12.5,0.25,16.0,0.26,7541.667404,2.0
12.5,0.25,1.0,0.1,8109.230504,1.0
12.5,0.25,16.0,0.26,7163.9441,3.0
12.5,0.25,1.0,0.1,7626.617335,2.0
12.5,0.25,24.0,0.39,6626.851498,2.0
12.5,0.25,34.0,0.56,5291.89688,3.0
12.5,0.25,24.0,0.39,5323.300337,3.0
12.5,0.25,34.0,0.56,4100.759169,4.0
12.5,0.25,16.0,0.26,7560.205645,1.0
12.5,0.25,1.0,0.1,7895.020796,0.0
12.5,0.25,16.0,0.26,6731.712208,0.0
12.5,0.25,1.0,0.1,6677.624427,0.0
12.5,0.25,24.0,0.39,7162.433638,1.0
12.5,0.25,34.0,0.56,6735.24371,2.0
12.5,0.25,24.0,0.39,6771.722906,0.0
12.5,0.25,34.0,0.56,5322.840434,1.0
12.5,0.25,16.0,0.26,7761.15796,2.0
12.5,0.25,1.0,0.1,8002.997103,1.0
12.5,0.25,16.0,0.26,7483.736315,3.0
12.5,0.25,1.0,0.1,7888.414929,2.0
12.5,0.25,24.0,0.39,6862.908392,2.0
12.5,0.25,34.0,0.56,5828.732121,3.0
12.5,0.25,24.0,0.39,5454.633853,3.0
12.5,0.25,34.0,0.56,4745.460284,4.0
12.5,0.25,16.0,0.26,7713.479598,1.0
12.5,0.25,1.0,0.1,7858.685578,0.0
12.5,0.25,16.0,0.26,7103.508943,0.0
12.5,0.25,1.0,0.1,7136.984453,0.0
12.5,0.25,24.0,0.39,7172.435009,1.0
12.5,0.25,34.0,0.56,7175.068982,2.0
12.5,0.25,24.0,0.39,6621.250814,0.0
12.5,0.25,34.0,0.56,5830.488555,1.0
12.5,0.25,16.0,0.26,7207.420303,2.0
12.5,0.25,1.0,0.1,7732.225218,1.0
12.5,0.25,16.0,0.26,6860.396428,3.0
12.5,0.25,1.0,0.1,7570.608619,2.0
12.5,0.25,24.0,0.39,6255.890642,2.0
12.5,0.25,34.0,0.56,5124.854901,3.0
12.5,0.25,24.0,0.39,5151.386473,3.0
12.5,0.25,34.0,0.56,4042.842643,4.0
12.5,0.25,16.0,0.26,7127.164572,1.0
12.5,0.25,1.0,0.1,7690.174905,0.0
12.5,0.25,16.0,0.26,6589.278977,0.0
12.5,0.25,1.0,0.1,6830.966046,0.0
12.5,0.25,24.0,0.39,6887.466493,1.0
12.5,0.25,34.0,0.56,6451.100519,2.0
12.5,0.25,24.0,0.39,6187.951881,0.0
12.5,0.25,34.0,0.56,5367.618255,1.0
12.5,0.25,16.0,0.26,7554.4683,2.0
12.5,0.25,1.0,0.1,8013.626308,1.0
12.5,0.25,16.0,0.26,7231.027782,3.0
12.5,0.25,1.0,0.1,7297.732097,2.0
12.5,0.25,24.0,0.39,6583.457887,2.0
12.5,0.25,34.0,0.56,5330.369306,3.0
12.5,0.25,24.0,0.39,5446.697471,3.0
12.5,0.25,34.0,0.56,4568.672172,4.0
12.5,0.25,16.0,0.26,7425.751937,1.0
12.5,0.25,1.0,0.1,7588.360961,0.0
12.5,0.25,16.0,0.26,6771.674965,0.0
12.5,0.25,1.0,0.1,6941.824131,0.0
12.5,0.25,24.0,0.39,6942.396304,1.0
12.5,0.25,34.0,0.56,6708.241295,2.0
12.5,0.25,24.0,0.39,6461.670875,0.0
12.5,0.25,34.0,0.56,5313.378277,1.0
12.5,0.25,16.0,0.26,7897.9319,2.0
12.5,0.25,1.0,0.1,8440.960969,1.0
12.5,0.25,16.0,0.26,7529.175053,3.0
12.5,0.25,1.0,0.1,7675.963523,2.0
12.5,0.25,24.0,0.39,6901.658937,2.0
12.5,0.25,34.0,0.56,5811.211473,3.0
12.5,0.25,24.0,0.39,5711.85174,3.0
12.5,0.25,34.0,0.56,4740.015047,4.0
12.5,0.25,16.0,0.26,7835.767792,1.0
12.5,0.25,1.0,0.1,7878.817681,0.0
12.5,0.25,16.0,0.26,6770.23332,0.0
12.5,0.25,1.0,0.1,6614.219308,0.0
12.5,0.25,24.0,0.39,7206.901956,1.0
12.5,0.25,34.0,0.56,7234.255248,2.0
12.5,0.25,24.0,0.39,6482.705721,0.0
12.5,0.25,34.0,0.56,5596.226357,1.0
12.5,0.25,16.0,0.26,7381.973331,2.0
12.5,0.25,1.0,0.1,7738.881709,1.0
12.5,0.25,16.0,0.26,6806.492688,3.0
12.5,0.25,1.0,0.1,7284.814779,2.0
12.5,0.25,24.0,0.39,6514.638993,2.0
12.5,0.25,34.0,0.56,5136.93247,3.0
12.5,0.25,24.0,0.39,5192.883148,3.0
12.5,0.25,34.0,0.56,4281.52619,4.0
12.5,0.25,16.0,0.26,7417.81497,1.0
12.5,0.25,1.0,0.1,7639.547887,0.0
12.5,0.25,16.0,0.26,6920.084268,0.0
12.5,0.25,1.0,0.1,6598.854044,0.0
12.5,0.25,24.0,0.39,6671.072643,1.0
12.5,0.25,34.0,0.56,6645.569975,2.0
12.5,0.25,24.0,0.39,6500.097782,0.0
12.5,0.25,34.0,0.56,5345.991061,1.0
12.5,0.25,16.0,0.26,7440.712007,2.0
12.5,0.25,1.0,0.1,7963.939307,1.0
12.5,0.25,16.0,0.26,7369.685585,3.0
12.5,0.25,1.0,0.1,7532.829529,2.0
12.5,0.25,24.0,0.39,6554.976861,2.0
12.5,0.25,34.0,0.56,5729.715055,3.0
12.5,0.25,24.0,0.39,5399.861131,3.0
12.5,0.25,34.0,0.56,4580.392997,4.0
12.5,0.25,16.0,0.26,7428.834423,1.0
12.5,0.25,1.0,0.1,7479.93417,0.0
12.5,0.25,16.0,0.26,6749.518191,0.0
12.5,0.25,1.0,0.1,6869.777604,0.0
12.5,0.25,24.0,0.39,6929.554801,1.0
12.5,0.25,34.0,0.56,6852.979712,2.0
12.5,0.25,24.0,0.39,6335.296388,0.0
12.5,0.25,34.0,0.56,5305.743635,1.0
12.5,0.25,16.0,0.26,7914.171177,2.0
12.5,0.25,1.0,0.1,8254.05731,1.0
12.5,0.25,16.0,0.26,7558.005885,3.0
12.5,0.25,1.0,0.1,7861.465383,2.0
12.5,0.25,24.0,0.39,6799.729175,2.0
12.5,0.25,34.0,0.56,5729.569636,3.0
12.5,0.25,24.0,0.39,5675.721494,3.0
12.5,0.25,34.0,0.56,4813.452846,4.0
12.5,0.25,16.0,0.26,7443.624456,1.0
12.5,0.25,1.0,0.1,7706.881369,0.0
12.5,0.25,16.0,0.26,6757.073662,0.0
12.5,0.25,1.0,0.1,6620.098774,0.0
12.5,0.25,24.0,0.39,7183.10038,1.0
12.5,0.25,34.0,0.56,7019.694384,2.0
12.5,0.25,24.0,0.39,6608.90751,0.0
12.5,0.25,34.0,0.56,5535.05665,1.0
12.5,0.25,16.0,0.26,8134.726547,2.0
12.5,0.25,1.0,0.1,8711.208961,1.0
12.5,0.25,16.0,0.26,7406.902484,3.0
12.5,0.25,1.0,0.1,8090.417127,2.0
12.5,0.25,24.0,0.39,6848.626223,2.0
12.5,0.25,34.0,0.56,5527.425034,3.0
12.5,0.25,24.0,0.39,5296.611091,3.0
12.5,0.25,34.0,0.56,4480.07,4.0
12.5,0.25,16.0,0.26,7920.061748,1.0
12.5,0.25,1.0,0.1,8652.043342,0.0
12.5,0.25,16.0,0.26,7222.004621,0.0
12.5,0.25,1.0,0.1,7290.10652,0.0
12.5,0.25,24.0,0.39,7510.790568,1.0
12.5,0.25,34.0,0.56,7174.664896,2.0
12.5,0.25,24.0,0.39,7080.040043,0.0
12.5,0.25,34.0,0.56,5665.219597,1.0
12.5,0.25,16.0,0.26,8298.206974,2.0
12.5,0.25,1.0,0.1,8671.716806,1.0
12.5,0.25,16.0,0.26,7714.323102,3.0
12.5,0.25,1.0,0.1,8211.0795,2.0
12.5,0.25,24.0,0.39,7270.318318,2.0
12.5,0.25,34.0,0.56,5747.56017,3.0
12.5,0.25,24.0,0.39,5777.3754,3.0
12.5,0.25,34.0,0.56,5061.72061,4.0
12.5,0.25,16.0,0.26,7829.472937,1.0
12.5,0.25,1.0,0.1,8634.775829,0.0
12.5,0.25,16.0,0.26,7608.621822,0.0
12.5,0.25,1.0,0.1,7555.171595,0.0
12.5,0.25,24.0,0.39,7604.315838,1.0
12.5,0.25,34.0,0.56,7521.714355,3.0
12.5,0.25,24.0,0.39,7219.760394,1.0
12.5,0.25,34.0,0.56,6060.283822,2.0
12.5,0.25,16.0,0.26,8465.885625,1.0
12.5,0.25,1.0,0.1,8969.401842,2.0
12.5,0.25,16.0,0.26,8166.597859,3.0
12.5,0.25,1.0,0.1,8605.199951,1.0
12.5,0.25,24.0,0.39,7576.39253,2.0
12.5,0.25,34.0,0.56,6249.470817,3.0
12.5,0.25,24.0,0.39,6071.228897,3.0
12.5,0.25,34.0,0.56,5199.792105,4.0
12.5,0.25,16.0,0.26,8307.38018,1.0
12.5,0.25,1.0,0.1,8743.520983,0.0
12.5,0.25,16.0,0.26,7667.83619,0.0
12.5,0.25,1.0,0.1,7416.707761,0.0
12.5,0.25,24.0,0.39,7969.025753,1.0
12.5,0.25,34.0,0.56,7778.349159,2.0
12.5,0.25,24.0,0.39,7298.002602,0.0
12.5,0.25,34.0,0.56,6033.778564,1.0
12.5,0.25,16.0,0.26,8007.206207,2.0
12.5,0.25,1.0,0.1,8408.383412,1.0
12.5,0.25,16.0,0.26,7455.416383,3.0
12.5,0.25,1.0,0.1,8104.934974,2.0
12.5,0.25,24.0,0.39,7064.169775,2.0
12.5,0.25,34.0,0.56,5735.133035,3.0
12.5,0.25,24.0,0.39,5504.750825,3.0
12.5,0.25,34.0,0.56,4433.536966,4.0
12.5,0.25,16.0,0.26,7903.513509,1.0
12.5,0.25,1.0,0.1,8538.462001,0.0
12.5,0.25,16.0,0.26,7434.34904,0.0
12.5,0.25,1.0,0.1,7357.358903,0.0
12.5,0.25,24.0,0.39,7441.509419,1.0
12.5,0.25,34.0,0.56,7150.9817,2.0
12.5,0.25,24.0,0.39,6979.324788,0.0
12.5,0.25,34.0,0.56,6024.945992,1.0
12.5,0.25,16.0,0.26,8116.531753,2.0
12.5,0.25,1.0,0.1,8823.690108,1.0
12.5,0.25,16.0,0.26,7998.350591,3.0
12.5,0.25,1.0,0.1,8284.85461,2.0
12.5,0.25,24.0,0.39,7303.58812,2.0
12.5,0.25,34.0,0.56,5954.513153,3.0
12.5,0.25,24.0,0.39,5898.015732,3.0
12.5,0.25,34.0,0.56,4936.105576,4.0
12.5,0.25,16.0,0.26,8157.236939,1.0
12.5,0.25,1.0,0.1,8489.691924,0.0
12.5,0.25,16.0,0.26,7241.370531,0.0
12.5,0.25,1.0,0.1,7317.951035,0.0
12.5,0.25,24.0,0.39,7564.774933,1.0
12.5,0.25,34.0,0.56,7557.46014,2.0
12.5,0.25,24.0,0.39,6772.933474,0.0
12.5,0.25,34.0,0.56,5882.965617,1.0
12.5,0.25,16.0,0.26,8318.798885,2.0
12.5,0.25,1.0,0.1,8655.676437,1.0
12.5,0.25,16.0,0.26,8254.126537,3.0
12.5,0.25,1.0,0.1,8562.370774,2.0
12.5,0.25,24.0,0.39,7340.460767,2.0
12.5,0.25,34.0,0.56,6146.831516,3.0
12.5,0.25,24.0,0.39,5807.006933,3.0
12.5,0.25,34.0,0.56,5329.263197,4.0
12.5,0.25,16.0,0.26,8173.589103,1.0
12.5,0.25,1.0,0.1,8413.659665,0.0
12.5,0.25,16.0,0.26,7565.104163,0.0
12.5,0.25,1.0,0.1,7457.506063,0.0
12.5,0.25,24.0,0.39,7800.501276,1.0
12.5,0.25,34.0,0.56,7617.395889,2.0
12.5,0.25,24.0,0.39,7381.379396,0.0
12.5,0.25,34.0,0.56,5971.394016,1.0
12.5,0.25,16.0,0.26,7884.567722,2.0
12.5,0.25,1.0,0.1,8570.913533,1.0
12.5,0.25,16.0,0.26,7616.705992,3.0
12.5,0.25,1.0,0.1,8086.388809,2.0
12.5,0.25,24.0,0.39,7101.757831,2.0
12.5,0.25,34.0,0.56,5566.52275,3.0
25.0,0.5,16.0,0.26,5946.052257,3.0
25.0,0.5,1.0,0.1,6392.356672,2.0
25.0,0.5,16.0,0.26,5205.320295,4.0
25.0,0.5,1.0,0.1,5524.145415,3.0
25.0,0.5,24.0,0.39,4920.136635,3.0
25.0,0.5,34.0,0.56,3834.574804,4.0
25.0,0.5,24.0,0.39,3626.366534,4.0
25.0,0.5,34.0,0.56,2946.926015,4.0
25.0,0.5,16.0,0.26,6037.686131,2.0
25.0,0.5,1.0,0.1,6595.901577,1.0
25.0,0.5,16.0,0.26,5403.69852,1.0
25.0,0.5,1.0,0.1,5498.460221,0.0
25.0,0.5,24.0,0.39,5203.876814,2.0
25.0,0.5,34.0,0.56,4694.608192,3.0
25.0,0.5,24.0,0.39,4952.013044,1.0
25.0,0.5,34.0,0.56,4290.964878,2.0
25.0,0.5,16.0,0.26,5920.487176,3.0
25.0,0.5,1.0,0.1,6731.618436,2.0
25.0,0.5,16.0,0.26,5636.308737,4.0
25.0,0.5,1.0,0.1,5773.625809,3.0
25.0,0.5,24.0,0.39,4966.779453,3.0
25.0,0.5,34.0,0.56,3998.054156,4.0
25.0,0.5,24.0,0.39,3723.523376,4.0
25.0,0.5,34.0,0.56,3276.362058,4.0
25.0,0.5,16.0,0.26,6115.947066,2.0
25.0,0.5,1.0,0.1,6747.597792,1.0
25.0,0.5,16.0,0.26,5867.997216,1.0
25.0,0.5,1.0,0.1,5628.882801,0.0
25.0,0.5,24.0,0.39,5715.008404,2.0
25.0,0.5,34.0,0.56,5234.746964,3.0
25.0,0.5,24.0,0.39,5016.741592,1.0
25.0,0.5,34.0,0.56,4167.451239,2.0
25.0,0.5,16.0,0.26,6117.4759,3.0
25.0,0.5,1.0,0.1,6826.208733,2.0
25.0,0.5,16.0,0.26,5632.459174,4.0
25.0,0.5,1.0,0.1,6325.266131,3.0
25.0,0.5,24.0,0.39,5424.123512,3.0
25.0,0.5,34.0,0.56,4200.973747,4.0
25.0,0.5,24.0,0.39,4178.772056,4.0
25.0,0.5,34.0,0.56,3519.431306,4.0
25.0,0.5,16.0,0.26,6239.533493,2.0
25.0,0.5,1.0,0.1,7071.615319,1.0
25.0,0.5,16.0,0.26,5462.133945,1.0
25.0,0.5,1.0,0.1,5948.114471,0.0
25.0,0.5,24.0,0.39,5429.681612,2.0
25.0,0.5,34.0,0.56,5381.272664,3.0
25.0,0.5,24.0,0.39,5395.33158,1.0
25.0,0.5,34.0,0.56,4460.914573,2.0
25.0,0.5,16.0,0.26,6102.762823,3.0
25.0,0.5,1.0,0.1,6109.850467,2.0
25.0,0.5,16.0,0.26,5453.993821,4.0
25.0,0.5,1.0,0.1,5773.008415,3.0
25.0,0.5,24.0,0.39,4930.619033,3.0
25.0,0.5,34.0,0.56,3764.319732,4.0
25.0,0.5,24.0,0.39,3937.915393,4.0
25.0,0.5,34.0,0.56,3238.028147,4.0
25.0,0.5,16.0,0.26,5964.791108,2.0
25.0,0.5,1.0,0.1,6526.988187,1.0
25.0,0.5,16.0,0.26,5552.723871,1.0
25.0,0.5,1.0,0.1,5575.394471,0.0
25.0,0.5,24.0,0.39,5299.661325,2.0
25.0,0.5,34.0,0.56,4968.601171,3.0
25.0,0.5,24.0,0.39,4936.01177,1.0
25.0,0.5,34.0,0.56,3895.62684,2.0
25.0,0.5,16.0,0.26,5767.178357,3.0
25.0,0.5,1.0,0.1,6015.224564,2.0
25.0,0.5,16.0,0.26,5912.433762,4.0
25.0,0.5,1.0,0.1,5637.984297,3.0
25.0,0.5,24.0,0.39,5018.45303,3.0
25.0,0.5,34.0,0.56,4162.761559,4.0
25.0,0.5,24.0,0.39,4278.763209,4.0
25.0,0.5,34.0,0.56,3322.946202,4.0
25.0,0.5,16.0,0.26,6237.206052,2.0
25.0,0.5,1.0,0.1,6801.49205,1.0
25.0,0.5,16.0,0.26,5336.974729,1.0
25.0,0.5,1.0,0.1,5722.576764,0.0
25.0,0.5,24.0,0.39,5602.022929,2.0
25.0,0.5,34.0,0.56,5439.421503,3.0
25.0,0.5,24.0,0.39,4924.357362,1.0
25.0,0.5,34.0,0.56,4112.893488,2.0
25.0,0.5,16.0,0.26,6320.961115,3.0
25.0,0.5,1.0,0.1,6520.897596,2.0
25.0,0.5,16.0,0.26,5970.681858,4.0
25.0,0.5,1.0,0.1,6072.83443,3.0
25.0,0.5,24.0,0.39,5128.163506,3.0
25.0,0.5,34.0,0.56,4387.741853,4.0
25.0,0.5,24.0,0.39,4576.100711,4.0
25.0,0.5,34.0,0.56,3244.329258,4.0
25.0,0.5,16.0,0.26,6370.898867,2.0
25.0,0.5,1.0,0.1,7293.53617,1.0
25.0,0.5,16.0,0.26,5892.160998,1.0
25.0,0.5,1.0,0.1,6058.648764,0.0
25.0,0.5,24.0,0.39,5503.095831,2.0
25.0,0.5,34.0,0.56,5496.085062,3.0
25.0,0.5,24.0,0.39,5663.065794,1.0
25.0,0.5,34.0,0.56,4336.100956,2.0
25.0,0.5,16.0,0.26,5942.421625,3.0
25.0,0.5,1.0,0.1,6595.456285,2.0
25.0,0.5,16.0,0.26,5333.973572,4.0
25.0,0.5,1.0,0.1,6132.417383,3.0
25.0,0.5,24.0,0.39,5042.640339,3.0
25.0,0.5,34.0,0.56,4125.757119,4.0
25.0,0.5,24.0,0.39,3828.16556,4.0
25.0,0.5,34.0,0.56,3447.082101,4.0
25.0,0.5,16.0,0.26,6292.429621,2.0
25.0,0.5,1.0,0.1,6619.846953,1.0
25.0,0.5,16.0,0.26,5628.710525,1.0
25.0,0.5,1.0,0.1,5781.859649,0.0
25.0,0.5,24.0,0.39,5330.062031,2.0
25.0,0.5,34.0,0.56,4899.118995,3.0
25.0,0.5,24.0,0.39,4945.794431,1.0
25.0,0.5,34.0,0.56,4282.700632,2.0
25.0,0.5,16.0,0.26,6202.327017,3.0
25.0,0.5,1.0,0.1,6306.550622,2.0
25.0,0.5,16.0,0.26,5514.667479,4.0
25.0,0.5,1.0,0.1,6079.085257,3.0
25.0,0.5,24.0,0.39,5046.457343,3.0
25.0,0.5,34.0,0.56,4232.762305,4.0
25.0,0.5,24.0,0.39,3948.986911,4.0
25.0,0.5,34.0,0.56,3502.082918,4.0
25.0,0.5,16.0,0.26,6107.382466,2.0
25.0,0.5,1.0,0.1,6157.054843,1.0
25.0,0.5,16.0,0.26,5556.374604,1.0
25.0,0.5,1.0,0.1,5741.314175,0.0
25.0,0.5,24.0,0.39,5529.066137,2.0
25.0,0.5,34.0,0.56,5538.913011,3.0
25.0,0.5,24.0,0.39,5178.270314,1.0
25.0,0.5,34.0,0.56,4323.930991,2.0
25.0,0.5,16.0,0.26,6182.750871,3.0
25.0,0.5,1.0,0.1,7004.015537,2.0
25.0,0.5,16.0,0.26,5750.881068,4.0
25.0,0.5,1.0,0.1,6493.472526,3.0
25.0,0.5,24.0,0.39,5393.564335,3.0
25.0,0.5,34.0,0.56,4808.609022,4.0
25.0,0.5,24.0,0.39,4572.126366,4.0
25.0,0.5,34.0,0.56,3511.537898,4.0
25.0,0.5,16.0,0.26,6493.637124,2.0
25.0,0.5,1.0,0.1,6880.775896,1.0
25.0,0.5,16.0,0.26,5684.143505,1.0
25.0,0.5,1.0,0.1,5732.24032,0.0
25.0,0.5,24.0,0.39,6135.699979,2.0
25.0,0.5,34.0,0.56,5720.723161,3.0
25.0,0.5,24.0,0.39,5455.118908,1.0
25.0,0.5,34.0,0.56,4245.285732,2.0
25.0,0.5,16.0,0.26,5772.910164,3.0
25.0,0.5,1.0,0.1,6521.291119,2.0
25.0,0.5,16.0,0.26,5498.438442,4.0
25.0,0.5,1.0,0.1,6019.262475,3.0
25.0,0.5,24.0,0.39,5236.03334,3.0
25.0,0.5,34.0,0.56,4305.511821,4.0
25.0,0.5,24.0,0.39,4056.834271,4.0
25.0,0.5,34.0,0.56,3501.179921,4.0
25.0,0.5,16.0,0.26,6397.355689,2.0
25.0,0.5,1.0,0.1,6279.338501,1.0
25.0,0.5,16.0,0.26,5834.98164,1.0
25.0,0.5,1.0,0.1,5902.33288,0.0
25.0,0.5,24.0,0.39,5639.445205,2.0
25.0,0.5,34.0,0.56,5005.329973,3.0
25.0,0.5,24.0,0.39,4867.94772,1.0
25.0,0.5,34.0,0.56,4574.813873,2.0
25.0,0.5,16.0,0.26,6190.665974,3.0
25.0,0.5,1.0,0.1,6254.655109,2.0
25.0,0.5,16.0,0.26,5696.026057,4.0
25.0,0.5,1.0,0.1,6315.233209,3.0
25.0,0.5,24.0,0.39,5492.81699,3.0
25.0,0.5,34.0,0.56,4320.874157,4.0
25.0,0.5,24.0,0.39,4587.385566,4.0
25.0,0.5,34.0,0.56,3712.997856,4.0
25.0,0.5,16.0,0.26,6301.034422,2.0
25.0,0.5,1.0,0.1,6752.016952,1.0
25.0,0.5,16.0,0.26,5388.50369,1.0
25.0,0.5,1.0,0.1,5931.752803,0.0
25.0,0.5,24.0,0.39,5837.215029,2.0
25.0,0.5,34.0,0.56,5154.975914,3.0
25.0,0.5,24.0,0.39,5932.239093,1.0
25.0,0.5,34.0,0.56,4163.823044,2.0
25.0,0.5,16.0,0.26,6155.896087,3.0
25.0,0.5,1.0,0.1,6994.248011,2.0
25.0,0.5,16.0,0.26,5649.03716,4.0
25.0,0.5,1.0,0.1,6515.261449,3.0
25.0,0.5,24.0,0.39,5498.583951,3.0
25.0,0.5,34.0,0.56,4584.453554,4.0
25.0,0.5,24.0,0.39,4218.327986,4.0
25.0,0.5,34.0,0.56,3680.560247,4.0
25.0,0.5,16.0,0.26,6236.707106,2.0
25.0,0.5,1.0,0.1,7005.038599,1.0
25.0,0.5,16.0,0.26,6013.407593,1.0
25.0,0.5,1.0,0.1,6260.473628,0.0
25.0,0.5,24.0,0.39,5830.89362,2.0
25.0,0.5,34.0,0.56,5531.351743,3.0
25.0,0.5,24.0,0.39,5495.365345,1.0
25.0,0.5,34.0,0.56,4865.399969,2.0
25.0,0.5,16.0,0.26,6235.452776,3.0
25.0,0.5,1.0,0.1,6821.808099,2.0
25.0,0.5,16.0,0.26,6328.893321,4.0
25.0,0.5,1.0,0.1,6528.79888,3.0
25.0,0.5,24.0,0.39,5428.106015,3.0
25.0,0.5,34.0,0.56,4558.980717,4.0
25.0,0.5,24.0,0.39,4062.739528,4.0
25.0,0.5,34.0,0.56,3396.729889,4.0
25.0,0.5,16.0,0.26,6503.272041,2.0
25.0,0.5,1.0,0.1,7085.063077,1.0
25.0,0.5,16.0,0.26,5791.456731,1.0
25.0,0.5,1.0,0.1,6251.611839,0.0
25.0,0.5,24.0,0.39,6409.140005,2.0
25.0,0.5,34.0,0.56,5794.891846,3.0
25.0,0.5,24.0,0.39,5569.139254,1.0
25.0,0.5,34.0,0.56,4858.240729,2.0
25.0,0.5,16.0,0.26,6575.592668,3.0
25.0,0.5,1.0,0.1,6998.378752,2.0
25.0,0.5,16.0,0.26,6226.285142,4.0
25.0,0.5,1.0,0.1,6643.901898,3.0
25.0,0.5,24.0,0.39,5946.158422,3.0
25.0,0.5,34.0,0.56,4696.443943,4.0
25.0,0.5,24.0,0.39,4560.22361,4.0
25.0,0.5,34.0,0.56,3983.097848,4.0
25.0,0.5,16.0,0.26,6992.823141,2.0
25.0,0.5,1.0,0.1,7536.096872,1.0
25.0,0.5,16.0,0.26,6491.223531,1.0
25.0,0.5,1.0,0.1,6702.780378,0.0
25.0,0.5,24.0,0.39,6263.807879,2.0
25.0,0.5,34.0,0.56,5966.711278,3.0
25.0,0.5,24.0,0.39,5695.564416,1.0
25.0,0.5,34.0,0.56,4737.639245,2.0
25.0,0.5,16.0,0.26,6580.396963,3.0
25.0,0.5,1.0,0.1,7628.6476,2.0
25.0,0.5,16.0,0.26,6465.372048,4.0
25.0,0.5,1.0,0.1,6903.873395,3.0
25.0,0.5,24.0,0.39,6020.87569,3.0
25.0,0.5,34.0,0.56,5004.154338,4.0
25.0,0.5,24.0,0.39,4913.222919,4.0
25.0,0.5,34.0,0.56,4010.552148,4.0
25.0,0.5,16.0,0.26,6958.174787,2.0
25.0,0.5,1.0,0.1,7804.627951,1.0
25.0,0.5,16.0,0.26,6493.258285,1.0
25.0,0.5,1.0,0.1,6449.041569,0.0
25.0,0.5,24.0,0.39,6327.008075,2.0
25.0,0.5,34.0,0.56,5919.430755,3.0
25.0,0.5,24.0,0.39,6060.641491,1.0
25.0,0.5,34.0,0.56,4789.596969,2.0
25.0,0.5,16.0,0.26,6412.473451,3.0
25.0,0.5,1.0,0.1,7117.950381,2.0
25.0,0.5,16.0,0.26,6274.934837,4.0
25.0,0.5,1.0,0.1,6422.922094,3.0
25.0,0.5,24.0,0.39,5645.146626,3.0
25.0,0.5,34.0,0.56,4493.644089,4.0
25.0,0.5,24.0,0.39,4489.22384,4.0
25.0,0.5,34.0,0.56,3748.465467,4.0
25.0,0.5,16.0,0.26,6608.041629,2.0
25.0,0.5,1.0,0.1,7565.211237,1.0
25.0,0.5,16.0,0.26,5911.49359,1.0
25.0,0.5,1.0,0.1,6543.971817,0.0
25.0,0.5,24.0,0.39,5916.862241,2.0
25.0,0.5,34.0,0.56,5597.022161,3.0
25.0,0.5,24.0,0.39,5739.680287,1.0
25.0,0.5,34.0,0.56,4641.001514,2.0
25.0,0.5,16.0,0.26,6948.2288,3.0
25.0,0.5,1.0,0.1,7236.090253,2.0
25.0,0.5,16.0,0.26,6327.477365,4.0
25.0,0.5,1.0,0.1,7071.833949,3.0
25.0,0.5,24.0,0.39,5755.700162,3.0
25.0,0.5,34.0,0.56,4926.279024,4.0
25.0,0.5,24.0,0.39,4575.769909,4.0
25.0,0.5,34.0,0.56,4201.435956,4.0
25.0,0.5,16.0,0.26,6909.429998,2.0
25.0,0.5,1.0,0.1,6842.760562,1.0
25.0,0.5,16.0,0.26,5865.384715,1.0
25.0,0.5,1.0,0.1,6467.654764,0.0
25.0,0.5,24.0,0.39,6591.781181,2.0
25.0,0.5,34.0,0.56,6150.842053,3.0
25.0,0.5,24.0,0.39,5544.621725,1.0
25.0,0.5,34.0,0.56,4644.601168,2.0
25.0,0.5,16.0,0.26,6754.448935,3.0
25.0,0.5,1.0,0.1,7423.469876,2.0
25.0,0.5,16.0,0.26,6347.560759,4.0
25.0,0.5,1.0,0.1,7415.894412,3.0
25.0,0.5,24.0,0.39,6097.442847,3.0
25.0,0.5,34.0,0.56,5033.685563,4.0
25.0,0.5,24.0,0.39,5009.962222,4.0
25.0,0.5,34.0,0.56,3901.989548,4.0
25.0,0.5,16.0,0.26,6919.34518,2.0
25.0,0.5,1.0,0.1,7771.010274,1.0
25.0,0.5,16.0,0.26,6034.642135,1.0
25.0,0.5,1.0,0.1,6189.779795,0.0
25.0,0.5,24.0,0.39,6515.305873,2.0
25.0,0.5,34.0,0.56,5862.805454,3.0
25.0,0.5,24.0,0.39,5945.89951,1.0
25.0,0.5,34.0,0.56,5330.631336,2.0
25.0,0.5,16.0,0.26,6707.592585,3.0
25.0,0.5,1.0,0.1,7007.66825,2.0
25.0,0.5,16.0,0.26,6594.044595,4.0
25.0,0.5,1.0,0.1,6687.259259,3.0
25.0,0.5,24.0,0.39,5605.221001,3.0
25.0,0.5,34.0,0.56,4710.858646,4.0
25.0,0.5,24.0,0.39,4418.44126,4.0
25.0,0.5,34.0,0.56,3631.905444,4.0
25.0,0.5,16.0,0.26,6663.000678,2.0
25.0,0.5,1.0,0.1,7184.013843,1.0
25.0,0.5,16.0,0.26,6292.960756,1.0
25.0,0.5,1.0,0.1,6374.444297,0.0
25.0,0.5,24.0,0.39,6180.951419,2.0
25.0,0.5,34.0,0.56,5700.243243,3.0
20.0,0.0,3.77,0.06,3923.906282,0.0
20.0,0.0,3.77,0.06,5718.408168,0.0
20.0,0.25,3.77,0.06,4936.36477,1.0
20.0,0.25,3.77,0.06,6131.30938,1.0
20.0,0.25,3.77,0.06,5686.121958,1.0
20.0,0.537,3.77,0.06,4225.961314,2.0
20.0,0.25,3.77,0.06,6276.410544,1.0
20.0,0.0,3.77,0.06,1637.704022,0.0
20.0,0.0,3.77,0.06,7575.801245,0.0
20.0,0.0,3.77,0.06,2605.696759,0.0
20.0,0.0,3.77,0.06,4254.825135,0.0
20.0,0.0,3.77,0.06,5449.421199,0.0
20.0,0.0,3.77,0.06,3471.192143,0.0
10.0,0.537,3.77,0.06,5333.873335,2.0
40.0,0.537,3.77,0.06,3373.436842,2.0
20.0,0.537,24.0,0.39,4203.027624,3.0
20.0,0.537,3.77,0.06,4166.299735,2.0
20.0,0.537,24.0,0.39,3943.131681,2.0
